date,deck_name,format,archetype,author,url,maindeck_cards,sideboard_cards
2026-04-14,Dimir Tempo,legacy,Dimir Tempo,,https://www.mtggoldfish.com/archetype/legacy-dimir-tempo,"[{""card_name"": ""Tamiyo, Inquisitive Student"", ""avg_count"": 4.0, ""percentage"": 100}, {""card_name"": ""Brazen Borrower"", ""avg_count"": 1.2, ""percentage"": 99}, {""card_name"": ""Orcish Bowmasters"", ""avg_count"": 3.9, ""percentage"": 98}, {""card_name"": ""Murktide Regent"", ""avg_count"": 2.3, ""percentage"": 98}, {""card_name"": ""Barrowgoyf"", ""avg_count"": 2.1, ""percentage"": 53}, {""card_name"": ""Nethergoyf"", ""avg_count"": 3.1, ""percentage"": 47}, {""card_name"": ""Kaito, Bane of Nightmares"", ""avg_count"": 1.9, ""percentage"": 94}, {""card_name"": ""Brainstorm"", ""avg_count"": 4.0, ""percentage"": 100}, {""card_name"": ""Fatal Push"", ""avg_count"": 3.7, ""percentage"": 100}, {""card_name"": ""Ponder"", ""avg_count"": 3.6, ""percentage"": 100}, {""card_name"": ""Thoughtseize"", ""avg_count"": 3.9, ""percentage"": 100}, {""card_name"": ""Daze"", ""avg_count"": 3.1, ""percentage"": 100}, {""card_name"": ""Force of Will"", ""avg_count"": 4.0, ""percentage"": 100}, {""card_name"": ""Snuff Out"", ""avg_count"": 1.1, ""percentage"": 83}, {""card_name"": ""Mishra's Bauble"", ""avg_count"": 2.0, ""percentage"": 43}, {""card_name"": ""Polluted Delta"", ""avg_count"": 4.0, ""percentage"": 100}, {""card_name"": ""Undercity Sewers"", ""avg_count"": 1.1, ""percentage"": 100}, {""card_name"": ""Underground Sea"", ""avg_count"": 3.9, ""percentage"": 100}, {""card_name"": ""Wasteland"", ""avg_count"": 4.0, ""percentage"": 100}, {""card_name"": ""Island"", ""avg_count"": 1.0, ""percentage"": 93}, {""card_name"": ""Swamp"", ""avg_count"": 1.0, ""percentage"": 93}, {""card_name"": ""Flooded Strand"", ""avg_count"": 1.2, ""percentage"": 76}, {""card_name"": ""Scalding Tarn"", ""avg_count"": 1.2, ""percentage"": 76}, {""card_name"": ""Bloodstained Mire"", ""avg_count"": 1.3, ""percentage"": 71}, {""card_name"": ""Misty Rainforest"", ""avg_count"": 1.2, ""percentage"": 65}, {""card_name"": ""Verdant Catacombs"", ""avg_count"": 1.1, ""percentage"": 47}]","[{""card_name"": ""Force of Negation"", ""avg_count"": 2.0, ""percentage"": 100}, {""card_name"": ""Consign to Memory"", ""avg_count"": 2.6, ""percentage"": 93}, {""card_name"": ""Hydroblast"", ""avg_count"": 1.8, ""percentage"": 88}, {""card_name"": ""Barrowgoyf"", ""avg_count"": 1.9, ""percentage"": 78}, {""card_name"": ""Toxic Deluge"", ""avg_count"": 1.4, ""percentage"": 67}, {""card_name"": ""Surgical Extraction"", ""avg_count"": 1.7, ""percentage"": 52}, {""card_name"": ""Sheoldred's Edict"", ""avg_count"": 1.7, ""percentage"": 51}, {""card_name"": ""Grafdigger's Cage"", ""avg_count"": 1.1, ""percentage"": 44}, {""card_name"": ""Engineered Explosives"", ""avg_count"": 1.6, ""percentage"": 40}, {""card_name"": ""Dauthi Voidwalker"", ""avg_count"": 1.8, ""percentage"": 39}, {""card_name"": ""Massacre"", ""avg_count"": 1.7, ""percentage"": 34}]"
2026-04-14,Oops All Spells,legacy,Oops All Spells,,https://www.mtggoldfish.com/archetype/legacy-oops-all-spells,"[{""card_name"": ""Narcomoeba"", ""avg_count"": 2.2, ""percentage"": 100}, {""card_name"": ""Thassa's Oracle"", ""avg_count"": 1.0, ""percentage"": 100}, {""card_name"": ""Boggart Trawler"", ""avg_count"": 4.0, ""percentage"": 100}, {""card_name"": ""Elvish Spirit Guide"", ""avg_count"": 4.0, ""percentage"": 100}, {""card_name"": ""Simian Spirit Guide"", ""avg_count"": 4.0, ""percentage"": 100}, {""card_name"": ""Undercity Informer"", ""avg_count"": 4.0, ""percentage"": 100}, {""card_name"": ""Balustrade Spy"", ""avg_count"": 4.0, ""percentage"": 100}, {""card_name"": ""Poxwalkers"", ""avg_count"": 2.3, ""percentage"": 89}, {""card_name"": ""Disciple of Freyalise"", ""avg_count"": 2.5, ""percentage"": 58}, {""card_name"": ""Chancellor of the Annex"", ""avg_count"": 2.0, ""percentage"": 36}, {""card_name"": ""Cabal Therapy"", ""avg_count"": 2.0, ""percentage"": 100}, {""card_name"": ""Dark Ritual"", ""avg_count"": 4.0, ""percentage"": 100}, {""card_name"": ""Dread Return"", ""avg_count"": 1.0, ""percentage"": 100}, {""card_name"": ""Agadeem's Awakening"", ""avg_count"": 3.3, ""percentage"": 99}, {""card_name"": ""Pact of Negation"", ""avg_count"": 4.0, ""percentage"": 99}, {""card_name"": ""Reanimate"", ""avg_count"": 1.4, ""percentage"": 89}, {""card_name"": ""Memory's Journey"", ""avg_count"": 1.0, ""percentage"": 89}, {""card_name"": ""Fell the Profane"", ""avg_count"": 4.0, ""percentage"": 83}, {""card_name"": ""Cabal Ritual"", ""avg_count"": 3.5, ""percentage"": 69}, {""card_name"": ""Thoughtseize"", ""avg_count"": 3.3, ""percentage"": 54}, {""card_name"": ""Once Upon a Time"", ""avg_count"": 3.1, ""percentage"": 36}, {""card_name"": ""Lotus Petal"", ""avg_count"": 4.0, ""percentage"": 100}, {""card_name"": ""Jack-o'-Lantern"", ""avg_count"": 1.0, ""percentage"": 70}, {""card_name"": ""Chrome Mox"", ""avg_count"": 1.9, ""percentage"": 54}, {""card_name"": ""Bridge from Below"", ""avg_count"": 1.1, ""percentage"": 61}]","[{""card_name"": ""Force of Vigor"", ""avg_count"": 4.0, ""percentage"": 77}, {""card_name"": ""Goblin Charbelcher"", ""avg_count"": 3.9, ""percentage"": 66}, {""card_name"": ""Leyline of the Void"", ""avg_count"": 3.9, ""percentage"": 49}, {""card_name"": ""Progenitus"", ""avg_count"": 1.0, ""percentage"": 44}, {""card_name"": ""Dread Return"", ""avg_count"": 1.2, ""percentage"": 35}, {""card_name"": ""Reanimate"", ""avg_count"": 2.2, ""percentage"": 34}]"
2026-04-14,Sneak And Show,legacy,Sneak And Show,,https://www.mtggoldfish.com/archetype/legacy-sneak-and-show,"[{""card_name"": ""Atraxa, Grand Unifier"", ""avg_count"": 3.9, ""percentage"": 100}, {""card_name"": ""Emrakul, the Aeons Torn"", ""avg_count"": 3.0, ""percentage"": 100}, {""card_name"": ""Simian Spirit Guide"", ""avg_count"": 1.0, ""percentage"": 63}, {""card_name"": ""Archon of Cruelty"", ""avg_count"": 1.0, ""percentage"": 45}, {""card_name"": ""Brainstorm"", ""avg_count"": 4.0, ""percentage"": 100}, {""card_name"": ""Ponder"", ""avg_count"": 4.0, ""percentage"": 100}, {""card_name"": ""Show and Tell"", ""avg_count"": 4.0, ""percentage"": 100}, {""card_name"": ""Stock Up"", ""avg_count"": 3.5, ""percentage"": 100}, {""card_name"": ""Force of Will"", ""avg_count"": 4.0, ""percentage"": 100}, {""card_name"": ""Flusterstorm"", ""avg_count"": 2.0, ""percentage"": 74}, {""card_name"": ""Daze"", ""avg_count"": 2.0, ""percentage"": 35}, {""card_name"": ""Lotus Petal"", ""avg_count"": 4.0, ""percentage"": 100}, {""card_name"": ""Sneak Attack"", ""avg_count"": 3.9, ""percentage"": 100}, {""card_name"": ""Omniscience"", ""avg_count"": 1.6, ""percentage"": 99}, {""card_name"": ""Ancient Tomb"", ""avg_count"": 3.2, ""percentage"": 100}, {""card_name"": ""Scalding Tarn"", ""avg_count"": 3.9, ""percentage"": 100}, {""card_name"": ""Volcanic Island"", ""avg_count"": 2.8, ""percentage"": 100}, {""card_name"": ""City of Traitors"", ""avg_count"": 1.8, ""percentage"": 97}, {""card_name"": ""Island"", ""avg_count"": 1.9, ""percentage"": 97}, {""card_name"": ""Thundering Falls"", ""avg_count"": 1.0, ""percentage"": 97}, {""card_name"": ""Mountain"", ""avg_count"": 1.0, ""percentage"": 93}, {""card_name"": ""Misty Rainforest"", ""avg_count"": 1.4, ""percentage"": 84}, {""card_name"": ""Polluted Delta"", ""avg_count"": 1.1, ""percentage"": 73}, {""card_name"": ""Flooded Strand"", ""avg_count"": 1.1, ""percentage"": 67}, {""card_name"": ""Mistrise Village"", ""avg_count"": 1.1, ""percentage"": 42}]","[{""card_name"": ""Consign to Memory"", ""avg_count"": 1.9, ""percentage"": 95}, {""card_name"": ""Hexing Squelcher"", ""avg_count"": 2.4, ""percentage"": 91}, {""card_name"": ""Abrade"", ""avg_count"": 1.5, ""percentage"": 88}, {""card_name"": ""Brotherhood's End"", ""avg_count"": 1.1, ""percentage"": 86}, {""card_name"": ""Pyroblast"", ""avg_count"": 1.2, ""percentage"": 82}, {""card_name"": ""Disruptor Flute"", ""avg_count"": 1.0, ""percentage"": 73}, {""card_name"": ""Magus of the Moon"", ""avg_count"": 1.4, ""percentage"": 54}, {""card_name"": ""Fury"", ""avg_count"": 1.0, ""percentage"": 48}, {""card_name"": ""Mindbreak Trap"", ""avg_count"": 1.2, ""percentage"": 41}, {""card_name"": ""Faerie Macabre"", ""avg_count"": 1.1, ""percentage"": 39}, {""card_name"": ""Pyroclasm"", ""avg_count"": 1.0, ""percentage"": 38}, {""card_name"": ""Ravenous Trap"", ""avg_count"": 1.0, ""percentage"": 38}, {""card_name"": ""Red Elemental Blast"", ""avg_count"": 1.1, ""percentage"": 37}, {""card_name"": ""Grafdigger's Cage"", ""avg_count"": 1.8, ""percentage"": 35}, {""card_name"": ""Leyline of the Void"", ""avg_count"": 3.5, ""percentage"": 35}]"
2026-04-14,Ocelot Pride Midrange,legacy,Ocelot Pride Midrange,,https://www.mtggoldfish.com/archetype/legacy-ocelot-pride-midrange,"[{""card_name"": ""Guide of Souls"", ""avg_count"": 4.0, ""percentage"": 100}, {""card_name"": ""Ocelot Pride"", ""avg_count"": 4.0, ""percentage"": 100}, {""card_name"": ""Ajani, Nacatl Pariah"", ""avg_count"": 4.0, ""percentage"": 97}, {""card_name"": ""Voice of Victory"", ""avg_count"": 3.4, ""percentage"": 94}, {""card_name"": ""Amped Raptor"", ""avg_count"": 4.0, ""percentage"": 93}, {""card_name"": ""Hexing Squelcher"", ""avg_count"": 2.8, ""percentage"": 81}, {""card_name"": ""Orcish Bowmasters"", ""avg_count"": 3.2, ""percentage"": 61}, {""card_name"": ""Swords to Plowshares"", ""avg_count"": 4.0, ""percentage"": 98}, {""card_name"": ""Cabal Therapy"", ""avg_count"": 3.0, ""percentage"": 63}, {""card_name"": ""Thoughtseize"", ""avg_count"": 3.3, ""percentage"": 63}, {""card_name"": ""Goblin Bombardment"", ""avg_count"": 2.0, ""percentage"": 93}, {""card_name"": ""Plains"", ""avg_count"": 1.4, ""percentage"": 99}, {""card_name"": ""Wasteland"", ""avg_count"": 4.0, ""percentage"": 99}, {""card_name"": ""Karakas"", ""avg_count"": 1.9, ""percentage"": 98}, {""card_name"": ""Arid Mesa"", ""avg_count"": 3.9, ""percentage"": 96}, {""card_name"": ""Marsh Flats"", ""avg_count"": 3.3, ""percentage"": 96}, {""card_name"": ""Elegant Parlor"", ""avg_count"": 1.0, ""percentage"": 94}, {""card_name"": ""Plateau"", ""avg_count"": 2.1, ""percentage"": 94}, {""card_name"": ""Scrubland"", ""avg_count"": 2.0, ""percentage"": 63}, {""card_name"": ""Shadowy Backstreet"", ""avg_count"": 1.0, ""percentage"": 61}, {""card_name"": ""Badlands"", ""avg_count"": 1.0, ""percentage"": 61}, {""card_name"": ""Silent Clearing"", ""avg_count"": 1.0, ""percentage"": 50}, {""card_name"": ""Mountain"", ""avg_count"": 1.0, ""percentage"": 34}]","[{""card_name"": ""Leyline of the Void"", ""avg_count"": 3.9, ""percentage"": 86}, {""card_name"": ""Pyroblast"", ""avg_count"": 1.6, ""percentage"": 79}, {""card_name"": ""Containment Priest"", ""avg_count"": 2.6, ""percentage"": 74}, {""card_name"": ""Clarion Conqueror"", ""avg_count"": 1.9, ""percentage"": 65}, {""card_name"": ""Red Elemental Blast"", ""avg_count"": 1.2, ""percentage"": 56}, {""card_name"": ""Null Rod"", ""avg_count"": 1.9, ""percentage"": 55}, {""card_name"": ""Prismatic Ending"", ""avg_count"": 1.9, ""percentage"": 52}, {""card_name"": ""Deafening Silence"", ""avg_count"": 2.8, ""percentage"": 51}]"
2026-04-14,Izzet Delver,legacy,Izzet Delver,,https://www.mtggoldfish.com/archetype/legacy-izzet-delver,"[{""card_name"": ""Dragon's Rage Channeler"", ""avg_count"": 4.0, ""percentage"": 100}, {""card_name"": ""Murktide Regent"", ""avg_count"": 2.5, ""percentage"": 100}, {""card_name"": ""Brazen Borrower"", ""avg_count"": 1.1, ""percentage"": 64}, {""card_name"": ""Delver of Secrets"", ""avg_count"": 3.6, ""percentage"": 51}, {""card_name"": ""Brainstorm"", ""avg_count"": 4.0, ""percentage"": 100}, {""card_name"": ""Lightning Bolt"", ""avg_count"": 4.0, ""percentage"": 100}, {""card_name"": ""Ponder"", ""avg_count"": 4.0, ""percentage"": 100}, {""card_name"": ""Daze"", ""avg_count"": 4.0, ""percentage"": 100}, {""card_name"": ""Force of Will"", ""avg_count"": 4.0, ""percentage"": 100}, {""card_name"": ""Preordain"", ""avg_count"": 1.3, ""percentage"": 69}, {""card_name"": ""Unholy Heat"", ""avg_count"": 1.3, ""percentage"": 66}, {""card_name"": ""Mishra's Bauble"", ""avg_count"": 4.0, ""percentage"": 100}, {""card_name"": ""Cori-Steel Cutter"", ""avg_count"": 3.3, ""percentage"": 98}, {""card_name"": ""Volcanic Island"", ""avg_count"": 4.0, ""percentage"": 100}, {""card_name"": ""Thundering Falls"", ""avg_count"": 1.0, ""percentage"": 99}, {""card_name"": ""Wasteland"", ""avg_count"": 4.0, ""percentage"": 99}, {""card_name"": ""Island"", ""avg_count"": 1.0, ""percentage"": 95}, {""card_name"": ""Polluted Delta"", ""avg_count"": 2.4, ""percentage"": 95}, {""card_name"": ""Scalding Tarn"", ""avg_count"": 2.6, ""percentage"": 92}, {""card_name"": ""Misty Rainforest"", ""avg_count"": 2.2, ""percentage"": 85}, {""card_name"": ""Flooded Strand"", ""avg_count"": 2.4, ""percentage"": 82}]","[{""card_name"": ""Pyroblast"", ""avg_count"": 2.9, ""percentage"": 95}, {""card_name"": ""Consign to Memory"", ""avg_count"": 2.0, ""percentage"": 92}, {""card_name"": ""Hydroblast"", ""avg_count"": 1.9, ""percentage"": 89}, {""card_name"": ""Force of Negation"", ""avg_count"": 1.8, ""percentage"": 89}, {""card_name"": ""Meltdown"", ""avg_count"": 1.2, ""percentage"": 78}, {""card_name"": ""Surgical Extraction"", ""avg_count"": 1.5, ""percentage"": 74}, {""card_name"": ""Price of Progress"", ""avg_count"": 1.3, ""percentage"": 59}, {""card_name"": ""Grafdigger's Cage"", ""avg_count"": 1.4, ""percentage"": 54}, {""card_name"": ""Unholy Heat"", ""avg_count"": 1.1, ""percentage"": 54}, {""card_name"": ""Abrade"", ""avg_count"": 1.1, ""percentage"": 54}]"
2026-04-14,Lands,legacy,Lands,,https://www.mtggoldfish.com/archetype/legacy-lands,"[{""card_name"": ""Crop Rotation"", ""avg_count"": 3.9, ""percentage"": 100}, {""card_name"": ""Life from the Loam"", ""avg_count"": 4.0, ""percentage"": 100}, {""card_name"": ""Malevolent Rumble"", ""avg_count"": 3.9, ""percentage"": 89}, {""card_name"": ""Mox Diamond"", ""avg_count"": 4.0, ""percentage"": 100}, {""card_name"": ""Expedition Map"", ""avg_count"": 1.0, ""percentage"": 100}, {""card_name"": ""Pithing Needle"", ""avg_count"": 1.0, ""percentage"": 100}, {""card_name"": ""Skateboard"", ""avg_count"": 1.0, ""percentage"": 86}, {""card_name"": ""Disruptor Flute"", ""avg_count"": 2.5, ""percentage"": 57}, {""card_name"": ""Grafdigger's Cage"", ""avg_count"": 1.0, ""percentage"": 41}, {""card_name"": ""Sphere of Resistance"", ""avg_count"": 4.0, ""percentage"": 35}, {""card_name"": ""Exploration"", ""avg_count"": 4.0, ""percentage"": 100}, {""card_name"": ""Bojuka Bog"", ""avg_count"": 1.0, ""percentage"": 100}, {""card_name"": ""Dark Depths"", ""avg_count"": 2.9, ""percentage"": 100}, {""card_name"": ""Forest"", ""avg_count"": 1.2, ""percentage"": 100}, {""card_name"": ""Maze of Ith"", ""avg_count"": 1.4, ""percentage"": 100}, {""card_name"": ""The Tabernacle at Pendrell Vale"", ""avg_count"": 1.0, ""percentage"": 100}, {""card_name"": ""Thespian's Stage"", ""avg_count"": 3.3, ""percentage"": 100}, {""card_name"": ""Urza's Saga"", ""avg_count"": 4.0, ""percentage"": 100}, {""card_name"": ""Wasteland"", ""avg_count"": 4.0, ""percentage"": 100}, {""card_name"": ""Yavimaya, Cradle of Growth"", ""avg_count"": 3.1, ""percentage"": 100}, {""card_name"": ""Boseiju, Who Endures"", ""avg_count"": 2.7, ""percentage"": 99}, {""card_name"": ""Karakas"", ""avg_count"": 1.0, ""percentage"": 99}, {""card_name"": ""Ghost Quarter"", ""avg_count"": 1.0, ""percentage"": 94}, {""card_name"": ""Ancient Tomb"", ""avg_count"": 1.4, ""percentage"": 87}, {""card_name"": ""Blast Zone"", ""avg_count"": 1.0, ""percentage"": 66}]","[{""card_name"": ""Force of Vigor"", ""avg_count"": 2.9, ""percentage"": 100}, {""card_name"": ""Disruptor Flute"", ""avg_count"": 2.4, ""percentage"": 85}, {""card_name"": ""Endurance"", ""avg_count"": 2.1, ""percentage"": 77}, {""card_name"": ""Dismember"", ""avg_count"": 2.1, ""percentage"": 63}, {""card_name"": ""Faerie Macabre"", ""avg_count"": 2.2, ""percentage"": 58}, {""card_name"": ""Damping Sphere"", ""avg_count"": 1.3, ""percentage"": 47}]"
2026-04-14,Eldrazi,legacy,Eldrazi,,https://www.mtggoldfish.com/archetype/legacy-eldrazi,"[{""card_name"": ""Wastescape Battlemage"", ""avg_count"": 3.6, ""percentage"": 100}, {""card_name"": ""Eldrazi Linebreaker"", ""avg_count"": 4.0, ""percentage"": 100}, {""card_name"": ""Glaring Fleshraker"", ""avg_count"": 4.0, ""percentage"": 100}, {""card_name"": ""Thought-Knot Seer"", ""avg_count"": 4.0, ""percentage"": 100}, {""card_name"": ""Reality Smasher"", ""avg_count"": 2.6, ""percentage"": 74}, {""card_name"": ""It That Heralds the End"", ""avg_count"": 2.8, ""percentage"": 62}, {""card_name"": ""Simian Spirit Guide"", ""avg_count"": 2.4, ""percentage"": 55}, {""card_name"": ""Devourer of Destiny"", ""avg_count"": 1.9, ""percentage"": 36}, {""card_name"": ""Sire of Seven Deaths"", ""avg_count"": 1.2, ""percentage"": 35}, {""card_name"": ""Kozilek's Command"", ""avg_count"": 4.0, ""percentage"": 100}, {""card_name"": ""Chalice of the Void"", ""avg_count"": 4.0, ""percentage"": 100}, {""card_name"": ""Lotus Petal"", ""avg_count"": 4.0, ""percentage"": 100}, {""card_name"": ""Ancient Tomb"", ""avg_count"": 4.0, ""percentage"": 100}, {""card_name"": ""Cavern of Souls"", ""avg_count"": 4.0, ""percentage"": 100}, {""card_name"": ""Eldrazi Temple"", ""avg_count"": 4.0, ""percentage"": 100}, {""card_name"": ""Eye of Ugin"", ""avg_count"": 2.8, ""percentage"": 100}, {""card_name"": ""Wasteland"", ""avg_count"": 4.0, ""percentage"": 100}, {""card_name"": ""Abundant Countryside"", ""avg_count"": 4.0, ""percentage"": 58}, {""card_name"": ""Secluded Courtyard"", ""avg_count"": 3.8, ""percentage"": 42}, {""card_name"": ""Snow-Covered Wastes"", ""avg_count"": 1.0, ""percentage"": 41}]","[{""card_name"": ""Disruptor Flute"", ""avg_count"": 3.0, ""percentage"": 100}, {""card_name"": ""Null Rod"", ""avg_count"": 1.9, ""percentage"": 92}, {""card_name"": ""Dismember"", ""avg_count"": 2.6, ""percentage"": 92}, {""card_name"": ""Leyline of the Void"", ""avg_count"": 3.8, ""percentage"": 80}, {""card_name"": ""Mindbreak Trap"", ""avg_count"": 2.4, ""percentage"": 80}, {""card_name"": ""Warping Wail"", ""avg_count"": 1.8, ""percentage"": 45}]"
2026-04-14,Painter,legacy,Painter,,https://www.mtggoldfish.com/archetype/legacy-painter,"[{""card_name"": ""Painter's Servant"", ""avg_count"": 3.6, ""percentage"": 100}, {""card_name"": ""Goblin Engineer"", ""avg_count"": 3.9, ""percentage"": 81}, {""card_name"": ""Goblin Welder"", ""avg_count"": 3.8, ""percentage"": 79}, {""card_name"": ""Phyrexian Dragon Engine"", ""avg_count"": 1.0, ""percentage"": 64}, {""card_name"": ""Chaos Defiler"", ""avg_count"": 1.0, ""percentage"": 39}, {""card_name"": ""Karn, the Great Creator"", ""avg_count"": 3.3, ""percentage"": 36}, {""card_name"": ""Pyroblast"", ""avg_count"": 3.3, ""percentage"": 74}, {""card_name"": ""Red Elemental Blast"", ""avg_count"": 2.3, ""percentage"": 38}, {""card_name"": ""Grindstone"", ""avg_count"": 1.9, ""percentage"": 100}, {""card_name"": ""Lotus Petal"", ""avg_count"": 2.4, ""percentage"": 99}, {""card_name"": ""Mox Opal"", ""avg_count"": 1.2, ""percentage"": 99}, {""card_name"": ""Ensnaring Bridge"", ""avg_count"": 1.0, ""percentage"": 64}, {""card_name"": ""Sewer-veillance Cam"", ""avg_count"": 3.7, ""percentage"": 60}, {""card_name"": ""Melded Moxite"", ""avg_count"": 3.7, ""percentage"": 60}, {""card_name"": ""Skateboard"", ""avg_count"": 1.0, ""percentage"": 58}, {""card_name"": ""Legion Extruder"", ""avg_count"": 1.0, ""percentage"": 53}, {""card_name"": ""Soul-Guide Lantern"", ""avg_count"": 1.0, ""percentage"": 52}, {""card_name"": ""Pithing Needle"", ""avg_count"": 1.0, ""percentage"": 49}, {""card_name"": ""Agatha's Soul Cauldron"", ""avg_count"": 1.1, ""percentage"": 42}, {""card_name"": ""Fable of the Mirror-Breaker"", ""avg_count"": 3.5, ""percentage"": 55}, {""card_name"": ""Urza's Saga"", ""avg_count"": 4.0, ""percentage"": 100}, {""card_name"": ""Ancient Tomb"", ""avg_count"": 4.0, ""percentage"": 99}, {""card_name"": ""Great Furnace"", ""avg_count"": 3.0, ""percentage"": 81}, {""card_name"": ""Mountain"", ""avg_count"": 4.0, ""percentage"": 74}, {""card_name"": ""Arena of Glory"", ""avg_count"": 1.4, ""percentage"": 57}, {""card_name"": ""Volcanic Island"", ""avg_count"": 1.4, ""percentage"": 57}, {""card_name"": ""Thundering Falls"", ""avg_count"": 1.0, ""percentage"": 52}, {""card_name"": ""Scalding Tarn"", ""avg_count"": 3.0, ""percentage"": 47}]","[{""card_name"": ""Disruptor Flute"", ""avg_count"": 2.3, ""percentage"": 90}, {""card_name"": ""Abrade"", ""avg_count"": 2.1, ""percentage"": 58}, {""card_name"": ""Pithing Needle"", ""avg_count"": 1.0, ""percentage"": 49}, {""card_name"": ""Ensnaring Bridge"", ""avg_count"": 1.0, ""percentage"": 47}, {""card_name"": ""Fury"", ""avg_count"": 2.5, ""percentage"": 43}, {""card_name"": ""Tormod's Crypt"", ""avg_count"": 1.0, ""percentage"": 39}, {""card_name"": ""Mindbreak Trap"", ""avg_count"": 2.4, ""percentage"": 39}, {""card_name"": ""Grindstone"", ""avg_count"": 1.0, ""percentage"": 35}, {""card_name"": ""Blood Moon"", ""avg_count"": 2.3, ""percentage"": 34}, {""card_name"": ""Leyline of the Void"", ""avg_count"": 3.8, ""percentage"": 34}]"
2026-04-14,The Epic Storm,legacy,The Epic Storm,,https://www.mtggoldfish.com/archetype/legacy-the-epic-storm,"[{""card_name"": ""Hexing Squelcher"", ""avg_count"": 2.2, ""percentage"": 86}, {""card_name"": ""Runehorn Hellkite"", ""avg_count"": 1.0, ""percentage"": 55}, {""card_name"": ""Gaea's Will"", ""avg_count"": 1.0, ""percentage"": 100}, {""card_name"": ""Dark Ritual"", ""avg_count"": 4.0, ""percentage"": 100}, {""card_name"": ""Burning Wish"", ""avg_count"": 3.4, ""percentage"": 100}, {""card_name"": ""Beseech the Mirror"", ""avg_count"": 2.7, ""percentage"": 100}, {""card_name"": ""Tendrils of Agony"", ""avg_count"": 1.0, ""percentage"": 100}, {""card_name"": ""Brainstorm"", ""avg_count"": 4.0, ""percentage"": 84}, {""card_name"": ""Gamble"", ""avg_count"": 4.0, ""percentage"": 71}, {""card_name"": ""Echo of Eons"", ""avg_count"": 3.0, ""percentage"": 71}, {""card_name"": ""Silence"", ""avg_count"": 4.0, ""percentage"": 66}, {""card_name"": ""Chrome Mox"", ""avg_count"": 4.0, ""percentage"": 100}, {""card_name"": ""Lion's Eye Diamond"", ""avg_count"": 4.0, ""percentage"": 100}, {""card_name"": ""Lotus Petal"", ""avg_count"": 4.0, ""percentage"": 100}, {""card_name"": ""Mox Opal"", ""avg_count"": 4.0, ""percentage"": 100}, {""card_name"": ""Song of Creation"", ""avg_count"": 1.0, ""percentage"": 72}, {""card_name"": ""Badlands"", ""avg_count"": 1.0, ""percentage"": 98}, {""card_name"": ""Bloodstained Mire"", ""avg_count"": 2.5, ""percentage"": 88}, {""card_name"": ""Undercity Sewers"", ""avg_count"": 1.0, ""percentage"": 86}, {""card_name"": ""Underground Sea"", ""avg_count"": 1.0, ""percentage"": 86}, {""card_name"": ""Scalding Tarn"", ""avg_count"": 3.0, ""percentage"": 69}, {""card_name"": ""Elegant Parlor"", ""avg_count"": 1.0, ""percentage"": 67}, {""card_name"": ""Plateau"", ""avg_count"": 1.0, ""percentage"": 67}, {""card_name"": ""Marsh Flats"", ""avg_count"": 2.0, ""percentage"": 62}]","[{""card_name"": ""Beseech the Mirror"", ""avg_count"": 1.0, ""percentage"": 100}, {""card_name"": ""Tendrils of Agony"", ""avg_count"": 1.0, ""percentage"": 100}, {""card_name"": ""Peer into the Abyss"", ""avg_count"": 1.0, ""percentage"": 97}, {""card_name"": ""Leyline of the Void"", ""avg_count"": 4.0, ""percentage"": 93}, {""card_name"": ""Boomerang Basics"", ""avg_count"": 3.9, ""percentage"": 86}, {""card_name"": ""Empty the Warrens"", ""avg_count"": 1.0, ""percentage"": 76}, {""card_name"": ""Echo of Eons"", ""avg_count"": 1.0, ""percentage"": 76}, {""card_name"": ""Thoughtseize"", ""avg_count"": 1.2, ""percentage"": 71}, {""card_name"": ""Hexing Squelcher"", ""avg_count"": 1.2, ""percentage"": 53}]"
2026-04-14,Doomsday,legacy,Doomsday,,https://www.mtggoldfish.com/archetype/legacy-doomsday,"[{""card_name"": ""Thassa's Oracle"", ""avg_count"": 1.7, ""percentage"": 100}, {""card_name"": ""Street Wraith"", ""avg_count"": 2.0, ""percentage"": 100}, {""card_name"": ""Tamiyo, Inquisitive Student"", ""avg_count"": 3.3, ""percentage"": 83}, {""card_name"": ""Brainstorm"", ""avg_count"": 4.0, ""percentage"": 100}, {""card_name"": ""Consider"", ""avg_count"": 1.0, ""percentage"": 100}, {""card_name"": ""Dark Ritual"", ""avg_count"": 4.0, ""percentage"": 100}, {""card_name"": ""Ponder"", ""avg_count"": 4.0, ""percentage"": 100}, {""card_name"": ""Thoughtseize"", ""avg_count"": 2.8, ""percentage"": 100}, {""card_name"": ""Daze"", ""avg_count"": 2.6, ""percentage"": 100}, {""card_name"": ""Edge of Autumn"", ""avg_count"": 1.6, ""percentage"": 100}, {""card_name"": ""Doomsday"", ""avg_count"": 4.0, ""percentage"": 100}, {""card_name"": ""Force of Will"", ""avg_count"": 4.0, ""percentage"": 100}, {""card_name"": ""Veil of Summer"", ""avg_count"": 2.5, ""percentage"": 46}, {""card_name"": ""Personal Tutor"", ""avg_count"": 2.8, ""percentage"": 34}, {""card_name"": ""Lion's Eye Diamond"", ""avg_count"": 1.0, ""percentage"": 100}, {""card_name"": ""Lotus Petal"", ""avg_count"": 2.8, ""percentage"": 100}, {""card_name"": ""Cavern of Souls"", ""avg_count"": 1.0, ""percentage"": 100}, {""card_name"": ""Polluted Delta"", ""avg_count"": 3.9, ""percentage"": 100}, {""card_name"": ""Underground Sea"", ""avg_count"": 3.3, ""percentage"": 100}, {""card_name"": ""Undercity Sewers"", ""avg_count"": 1.1, ""percentage"": 97}, {""card_name"": ""Island"", ""avg_count"": 1.0, ""percentage"": 90}, {""card_name"": ""Misty Rainforest"", ""avg_count"": 2.8, ""percentage"": 83}, {""card_name"": ""Flooded Strand"", ""avg_count"": 2.2, ""percentage"": 56}, {""card_name"": ""Tropical Island"", ""avg_count"": 1.1, ""percentage"": 46}, {""card_name"": ""Swamp"", ""avg_count"": 1.0, ""percentage"": 42}, {""card_name"": ""Bayou"", ""avg_count"": 1.0, ""percentage"": 41}, {""card_name"": ""Verdant Catacombs"", ""avg_count"": 1.0, ""percentage"": 37}]","[{""card_name"": ""Force of Negation"", ""avg_count"": 2.0, ""percentage"": 100}, {""card_name"": ""Consign to Memory"", ""avg_count"": 1.2, ""percentage"": 75}, {""card_name"": ""Barrowgoyf"", ""avg_count"": 3.6, ""percentage"": 68}, {""card_name"": ""Dauthi Voidwalker"", ""avg_count"": 2.1, ""percentage"": 58}, {""card_name"": ""Jace, Wielder of Mysteries"", ""avg_count"": 1.0, ""percentage"": 56}, {""card_name"": ""Carpet of Flowers"", ""avg_count"": 2.4, ""percentage"": 49}, {""card_name"": ""Flusterstorm"", ""avg_count"": 1.1, ""percentage"": 45}, {""card_name"": ""Abrupt Decay"", ""avg_count"": 1.6, ""percentage"": 39}, {""card_name"": ""Long Goodbye"", ""avg_count"": 1.0, ""percentage"": 35}]"
2026-04-14,Mystic Forge Combo,legacy,Mystic Forge Combo,,https://www.mtggoldfish.com/archetype/legacy-mystic-forge-combo,"[{""card_name"": ""Glaring Fleshraker"", ""avg_count"": 4.0, ""percentage"": 100}, {""card_name"": ""Tezzeret, Cruel Captain"", ""avg_count"": 3.2, ""percentage"": 100}, {""card_name"": ""Karn, the Great Creator"", ""avg_count"": 4.0, ""percentage"": 100}, {""card_name"": ""Ugin, Eye of the Storms"", ""avg_count"": 1.2, ""percentage"": 79}, {""card_name"": ""Kozilek's Command"", ""avg_count"": 4.0, ""percentage"": 100}, {""card_name"": ""Lotus Petal"", ""avg_count"": 4.0, ""percentage"": 100}, {""card_name"": ""Manifold Key"", ""avg_count"": 3.6, ""percentage"": 100}, {""card_name"": ""Grim Monolith"", ""avg_count"": 4.0, ""percentage"": 100}, {""card_name"": ""Mystic Forge"", ""avg_count"": 2.0, ""percentage"": 100}, {""card_name"": ""The One Ring"", ""avg_count"": 4.0, ""percentage"": 100}, {""card_name"": ""Voltaic Key"", ""avg_count"": 1.1, ""percentage"": 96}, {""card_name"": ""Mox Opal"", ""avg_count"": 1.0, ""percentage"": 93}, {""card_name"": ""Candelabra of Tawnos"", ""avg_count"": 1.0, ""percentage"": 77}, {""card_name"": ""Mishra's Research Desk"", ""avg_count"": 1.0, ""percentage"": 74}, {""card_name"": ""Pithing Needle"", ""avg_count"": 1.0, ""percentage"": 65}, {""card_name"": ""Soul-Guide Lantern"", ""avg_count"": 1.0, ""percentage"": 63}, {""card_name"": ""Portable Hole"", ""avg_count"": 1.0, ""percentage"": 51}, {""card_name"": ""Basalt Monolith"", ""avg_count"": 1.0, ""percentage"": 33}, {""card_name"": ""Ancient Tomb"", ""avg_count"": 4.0, ""percentage"": 100}, {""card_name"": ""Planar Nexus"", ""avg_count"": 4.0, ""percentage"": 100}, {""card_name"": ""Urza's Saga"", ""avg_count"": 3.9, ""percentage"": 100}, {""card_name"": ""Urza's Tower"", ""avg_count"": 4.0, ""percentage"": 100}, {""card_name"": ""Urza's Workshop"", ""avg_count"": 4.0, ""percentage"": 86}]","[{""card_name"": ""Tormod's Crypt"", ""avg_count"": 1.0, ""percentage"": 100}, {""card_name"": ""Liquimetal Coating"", ""avg_count"": 1.0, ""percentage"": 100}, {""card_name"": ""Ensnaring Bridge"", ""avg_count"": 1.0, ""percentage"": 100}, {""card_name"": ""Mycosynth Lattice"", ""avg_count"": 1.0, ""percentage"": 100}, {""card_name"": ""Paradox Engine"", ""avg_count"": 1.0, ""percentage"": 95}, {""card_name"": ""Disruptor Flute"", ""avg_count"": 1.8, ""percentage"": 88}, {""card_name"": ""Mystic Forge"", ""avg_count"": 1.0, ""percentage"": 84}, {""card_name"": ""Portable Hole"", ""avg_count"": 1.1, ""percentage"": 82}, {""card_name"": ""Perilous Snare"", ""avg_count"": 1.0, ""percentage"": 82}, {""card_name"": ""Leyline of the Void"", ""avg_count"": 3.8, ""percentage"": 74}, {""card_name"": ""Dismember"", ""avg_count"": 1.4, ""percentage"": 46}, {""card_name"": ""Mindbreak Trap"", ""avg_count"": 2.2, ""percentage"": 37}]"
2026-04-14,Red Stompy,legacy,Red Stompy,,https://www.mtggoldfish.com/archetype/legacy-red-stompy,"[{""card_name"": ""Broadside Bombardiers"", ""avg_count"": 4.0, ""percentage"": 100}, {""card_name"": ""Simian Spirit Guide"", ""avg_count"": 4.0, ""percentage"": 100}, {""card_name"": ""Fury"", ""avg_count"": 3.5, ""percentage"": 91}, {""card_name"": ""Pyrogoyf"", ""avg_count"": 3.8, ""percentage"": 83}, {""card_name"": ""Magus of the Moon"", ""avg_count"": 3.3, ""percentage"": 78}, {""card_name"": ""Caves of Chaos Adventurer"", ""avg_count"": 3.5, ""percentage"": 67}, {""card_name"": ""Sundering Eruption"", ""avg_count"": 4.0, ""percentage"": 91}, {""card_name"": ""Shatterskull Smashing"", ""avg_count"": 3.4, ""percentage"": 74}, {""card_name"": ""Chalice of the Void"", ""avg_count"": 4.0, ""percentage"": 100}, {""card_name"": ""Chrome Mox"", ""avg_count"": 4.0, ""percentage"": 100}, {""card_name"": ""The One Ring"", ""avg_count"": 3.9, ""percentage"": 93}, {""card_name"": ""Fable of the Mirror-Breaker"", ""avg_count"": 3.9, ""percentage"": 100}, {""card_name"": ""Blood Moon"", ""avg_count"": 2.7, ""percentage"": 57}, {""card_name"": ""Ancient Tomb"", ""avg_count"": 4.0, ""percentage"": 100}, {""card_name"": ""City of Traitors"", ""avg_count"": 4.0, ""percentage"": 100}, {""card_name"": ""Mountain"", ""avg_count"": 3.7, ""percentage"": 100}, {""card_name"": ""Urza's Saga"", ""avg_count"": 4.0, ""percentage"": 37}]","[{""card_name"": ""Fiery Confluence"", ""avg_count"": 2.1, ""percentage"": 78}, {""card_name"": ""Disruptor Flute"", ""avg_count"": 2.0, ""percentage"": 70}, {""card_name"": ""Leyline of the Void"", ""avg_count"": 4.0, ""percentage"": 65}, {""card_name"": ""Trinisphere"", ""avg_count"": 2.7, ""percentage"": 54}, {""card_name"": ""Dead // Gone"", ""avg_count"": 2.3, ""percentage"": 50}, {""card_name"": ""Null Rod"", ""avg_count"": 2.1, ""percentage"": 43}]"
2026-04-14,Cradle Control,legacy,Cradle Control,,https://www.mtggoldfish.com/archetype/legacy-cradle-control,"[{""card_name"": ""Dryad Arbor"", ""avg_count"": 1.4, ""percentage"": 100}, {""card_name"": ""Ignoble Hierarch"", ""avg_count"": 3.9, ""percentage"": 100}, {""card_name"": ""Wight of the Reliquary"", ""avg_count"": 4.0, ""percentage"": 100}, {""card_name"": ""Atraxa, Grand Unifier"", ""avg_count"": 1.0, ""percentage"": 100}, {""card_name"": ""Badgermole Cub"", ""avg_count"": 3.9, ""percentage"": 89}, {""card_name"": ""Craterhoof Behemoth"", ""avg_count"": 1.0, ""percentage"": 87}, {""card_name"": ""Collector Ouphe"", ""avg_count"": 1.0, ""percentage"": 84}, {""card_name"": ""Endurance"", ""avg_count"": 2.2, ""percentage"": 80}, {""card_name"": ""Birds of Paradise"", ""avg_count"": 3.1, ""percentage"": 78}, {""card_name"": ""Springheart Nantuko"", ""avg_count"": 2.1, ""percentage"": 78}, {""card_name"": ""Sylvan Safekeeper"", ""avg_count"": 1.2, ""percentage"": 76}, {""card_name"": ""Quirion Ranger"", ""avg_count"": 1.0, ""percentage"": 56}, {""card_name"": ""Fiend Artisan"", ""avg_count"": 1.4, ""percentage"": 42}, {""card_name"": ""Noble Hierarch"", ""avg_count"": 2.9, ""percentage"": 40}, {""card_name"": ""Grist, the Hunger Tide"", ""avg_count"": 1.0, ""percentage"": 89}, {""card_name"": ""Green Sun's Zenith"", ""avg_count"": 4.0, ""percentage"": 100}, {""card_name"": ""Natural Order"", ""avg_count"": 3.1, ""percentage"": 100}, {""card_name"": ""Once Upon a Time"", ""avg_count"": 3.1, ""percentage"": 98}, {""card_name"": ""Thoughtseize"", ""avg_count"": 3.3, ""percentage"": 33}, {""card_name"": ""Bayou"", ""avg_count"": 2.2, ""percentage"": 100}, {""card_name"": ""Gaea's Cradle"", ""avg_count"": 2.9, ""percentage"": 100}, {""card_name"": ""Talon Gates of Madara"", ""avg_count"": 1.4, ""percentage"": 100}, {""card_name"": ""Verdant Catacombs"", ""avg_count"": 3.2, ""percentage"": 100}, {""card_name"": ""Forest"", ""avg_count"": 1.7, ""percentage"": 96}, {""card_name"": ""Bojuka Bog"", ""avg_count"": 1.0, ""percentage"": 91}, {""card_name"": ""Windswept Heath"", ""avg_count"": 2.3, ""percentage"": 91}, {""card_name"": ""Wasteland"", ""avg_count"": 2.8, ""percentage"": 84}, {""card_name"": ""Misty Rainforest"", ""avg_count"": 2.4, ""percentage"": 62}, {""card_name"": ""Underground Mortuary"", ""avg_count"": 1.0, ""percentage"": 51}, {""card_name"": ""Lair of the Hydra"", ""avg_count"": 1.0, ""percentage"": 40}, {""card_name"": ""Wooded Foothills"", ""avg_count"": 2.0, ""percentage"": 33}]","[{""card_name"": ""Force of Vigor"", ""avg_count"": 2.1, ""percentage"": 93}, {""card_name"": ""Thoughtseize"", ""avg_count"": 3.3, ""percentage"": 82}, {""card_name"": ""Abrupt Decay"", ""avg_count"": 1.9, ""percentage"": 80}, {""card_name"": ""Snuff Out"", ""avg_count"": 2.3, ""percentage"": 71}, {""card_name"": ""Endurance"", ""avg_count"": 1.5, ""percentage"": 53}, {""card_name"": ""Disruptor Flute"", ""avg_count"": 2.0, ""percentage"": 51}, {""card_name"": ""Mindbreak Trap"", ""avg_count"": 2.0, ""percentage"": 49}, {""card_name"": ""Leyline of the Void"", ""avg_count"": 3.0, ""percentage"": 47}, {""card_name"": ""Gaddock Teeg"", ""avg_count"": 1.0, ""percentage"": 33}]"
2026-04-14,Death And Taxes Yorion Black White 468d6491 E6a9 46c8 B9fb Da35bfca78fa,legacy,Death And Taxes Yorion Black White 468d6491 E6a9 46c8 B9fb Da35bfca78fa,,https://www.mtggoldfish.com/archetype/legacy-death-and-taxes-yorion-black-white-468d6491-e6a9-46c8-b9fb-da35bfca78fa,"[{""card_name"": ""Orcish Bowmasters"", ""avg_count"": 2.6, ""percentage"": 100}, {""card_name"": ""Phelia, Exuberant Shepherd"", ""avg_count"": 4.0, ""percentage"": 100}, {""card_name"": ""Flickerwisp"", ""avg_count"": 1.1, ""percentage"": 100}, {""card_name"": ""Recruiter of the Guard"", ""avg_count"": 3.9, ""percentage"": 100}, {""card_name"": ""Skyclave Apparition"", ""avg_count"": 2.9, ""percentage"": 100}, {""card_name"": ""Witch Enchanter"", ""avg_count"": 2.0, ""percentage"": 100}, {""card_name"": ""Overlord of the Balemurk"", ""avg_count"": 4.0, ""percentage"": 100}, {""card_name"": ""Solitude"", ""avg_count"": 4.0, ""percentage"": 100}, {""card_name"": ""Lion Sash"", ""avg_count"": 1.0, ""percentage"": 98}, {""card_name"": ""White Orchid Phantom"", ""avg_count"": 3.2, ""percentage"": 96}, {""card_name"": ""Stoneforge Mystic"", ""avg_count"": 4.0, ""percentage"": 93}, {""card_name"": ""Canoptek Scarab Swarm"", ""avg_count"": 1.0, ""percentage"": 80}, {""card_name"": ""Swords to Plowshares"", ""avg_count"": 4.0, ""percentage"": 100}, {""card_name"": ""Thoughtseize"", ""avg_count"": 4.0, ""percentage"": 100}, {""card_name"": ""Aether Vial"", ""avg_count"": 4.0, ""percentage"": 100}, {""card_name"": ""Pre-War Formalwear"", ""avg_count"": 1.8, ""percentage"": 93}, {""card_name"": ""Meteor Sword"", ""avg_count"": 1.0, ""percentage"": 91}, {""card_name"": ""Karakas"", ""avg_count"": 3.9, ""percentage"": 100}, {""card_name"": ""Marsh Flats"", ""avg_count"": 4.0, ""percentage"": 100}, {""card_name"": ""Scrubland"", ""avg_count"": 2.7, ""percentage"": 100}, {""card_name"": ""Shadowy Backstreet"", ""avg_count"": 1.9, ""percentage"": 100}, {""card_name"": ""Wasteland"", ""avg_count"": 4.0, ""percentage"": 100}, {""card_name"": ""Plains"", ""avg_count"": 4.9, ""percentage"": 91}, {""card_name"": ""Swamp"", ""avg_count"": 1.0, ""percentage"": 91}, {""card_name"": ""Prismatic Vista"", ""avg_count"": 4.0, ""percentage"": 89}, {""card_name"": ""Arid Mesa"", ""avg_count"": 1.9, ""percentage"": 73}, {""card_name"": ""Flooded Strand"", ""avg_count"": 2.3, ""percentage"": 73}, {""card_name"": ""Windswept Heath"", ""avg_count"": 1.9, ""percentage"": 67}]","[{""card_name"": ""Wrath of the Skies"", ""avg_count"": 2.9, ""percentage"": 100}, {""card_name"": ""Disruptor Flute"", ""avg_count"": 2.5, ""percentage"": 98}, {""card_name"": ""Deafening Silence"", ""avg_count"": 3.1, ""percentage"": 93}, {""card_name"": ""Faerie Macabre"", ""avg_count"": 1.2, ""percentage"": 89}, {""card_name"": ""Path to Exile"", ""avg_count"": 1.3, ""percentage"": 84}, {""card_name"": ""Surgical Extraction"", ""avg_count"": 1.1, ""percentage"": 82}, {""card_name"": ""Grafdigger's Cage"", ""avg_count"": 1.0, ""percentage"": 69}, {""card_name"": ""Mindbreak Trap"", ""avg_count"": 1.1, ""percentage"": 67}, {""card_name"": ""Containment Priest"", ""avg_count"": 1.1, ""percentage"": 62}]"
2026-04-14,Beanstalk Control Non Yorion,legacy,Beanstalk Control Non Yorion,,https://www.mtggoldfish.com/archetype/legacy-beanstalk-control-non-yorion,"[{""card_name"": ""Quantum Riddler"", ""avg_count"": 3.5, ""percentage"": 95}, {""card_name"": ""Tamiyo, Inquisitive Student"", ""avg_count"": 3.1, ""percentage"": 78}, {""card_name"": ""Uro, Titan of Nature's Wrath"", ""avg_count"": 1.5, ""percentage"": 76}, {""card_name"": ""Murktide Regent"", ""avg_count"": 1.6, ""percentage"": 73}, {""card_name"": ""Orcish Bowmasters"", ""avg_count"": 2.7, ""percentage"": 59}, {""card_name"": ""Phelia, Exuberant Shepherd"", ""avg_count"": 1.3, ""percentage"": 39}, {""card_name"": ""Brainstorm"", ""avg_count"": 4.0, ""percentage"": 100}, {""card_name"": ""Force of Will"", ""avg_count"": 4.0, ""percentage"": 100}, {""card_name"": ""Ponder"", ""avg_count"": 3.5, ""percentage"": 98}, {""card_name"": ""Force of Negation"", ""avg_count"": 1.4, ""percentage"": 90}, {""card_name"": ""Swords to Plowshares"", ""avg_count"": 3.9, ""percentage"": 73}, {""card_name"": ""Up the Beanstalk"", ""avg_count"": 4.0, ""percentage"": 100}, {""card_name"": ""Leyline Binding"", ""avg_count"": 4.0, ""percentage"": 71}, {""card_name"": ""Misty Rainforest"", ""avg_count"": 3.8, ""percentage"": 100}, {""card_name"": ""Tropical Island"", ""avg_count"": 1.9, ""percentage"": 100}, {""card_name"": ""Island"", ""avg_count"": 1.1, ""percentage"": 98}, {""card_name"": ""Flooded Strand"", ""avg_count"": 4.0, ""percentage"": 73}, {""card_name"": ""Tundra"", ""avg_count"": 2.0, ""percentage"": 73}, {""card_name"": ""Savannah"", ""avg_count"": 1.0, ""percentage"": 71}, {""card_name"": ""Xander's Lounge"", ""avg_count"": 1.0, ""percentage"": 71}, {""card_name"": ""Plains"", ""avg_count"": 1.0, ""percentage"": 66}, {""card_name"": ""Underground Sea"", ""avg_count"": 1.4, ""percentage"": 66}, {""card_name"": ""Bayou"", ""avg_count"": 1.0, ""percentage"": 61}, {""card_name"": ""Polluted Delta"", ""avg_count"": 2.7, ""percentage"": 61}, {""card_name"": ""Meticulous Archive"", ""avg_count"": 1.0, ""percentage"": 54}, {""card_name"": ""Mystic Sanctuary"", ""avg_count"": 1.0, ""percentage"": 51}, {""card_name"": ""Wasteland"", ""avg_count"": 2.7, ""percentage"": 46}, {""card_name"": ""Scrubland"", ""avg_count"": 1.0, ""percentage"": 34}]","[{""card_name"": ""Carpet of Flowers"", ""avg_count"": 2.0, ""percentage"": 100}, {""card_name"": ""Consign to Memory"", ""avg_count"": 2.0, ""percentage"": 100}, {""card_name"": ""Hydroblast"", ""avg_count"": 1.7, ""percentage"": 78}, {""card_name"": ""Surgical Extraction"", ""avg_count"": 1.7, ""percentage"": 63}, {""card_name"": ""Wrath of the Skies"", ""avg_count"": 2.0, ""percentage"": 61}, {""card_name"": ""Deafening Silence"", ""avg_count"": 1.6, ""percentage"": 54}, {""card_name"": ""Thoughtseize"", ""avg_count"": 2.0, ""percentage"": 46}, {""card_name"": ""Barrowgoyf"", ""avg_count"": 1.1, ""percentage"": 41}, {""card_name"": ""Force of Vigor"", ""avg_count"": 1.1, ""percentage"": 34}]"
2026-04-14,Affinity Stompy,legacy,Affinity Stompy,,https://www.mtggoldfish.com/archetype/legacy-affinity-stompy,"[{""card_name"": ""Patchwork Automaton"", ""avg_count"": 4.0, ""percentage"": 100}, {""card_name"": ""Emry, Lurker of the Loch"", ""avg_count"": 3.9, ""percentage"": 100}, {""card_name"": ""Pinnacle Emissary"", ""avg_count"": 4.0, ""percentage"": 100}, {""card_name"": ""Kappa Cannoneer"", ""avg_count"": 3.9, ""percentage"": 100}, {""card_name"": ""Memory Guardian"", ""avg_count"": 3.6, ""percentage"": 55}, {""card_name"": ""Sink into Stupor"", ""avg_count"": 3.8, ""percentage"": 100}, {""card_name"": ""Force of Will"", ""avg_count"": 4.0, ""percentage"": 100}, {""card_name"": ""Lotus Petal"", ""avg_count"": 4.0, ""percentage"": 100}, {""card_name"": ""Mishra's Bauble"", ""avg_count"": 4.0, ""percentage"": 100}, {""card_name"": ""Mox Opal"", ""avg_count"": 4.0, ""percentage"": 100}, {""card_name"": ""Urza's Bauble"", ""avg_count"": 4.0, ""percentage"": 90}, {""card_name"": ""Pithing Needle"", ""avg_count"": 1.0, ""percentage"": 84}, {""card_name"": ""Skateboard"", ""avg_count"": 1.0, ""percentage"": 81}, {""card_name"": ""Shadowspear"", ""avg_count"": 1.0, ""percentage"": 71}, {""card_name"": ""Chalice of the Void"", ""avg_count"": 3.5, ""percentage"": 48}, {""card_name"": ""Aether Spellbomb"", ""avg_count"": 1.0, ""percentage"": 42}, {""card_name"": ""Ancient Tomb"", ""avg_count"": 3.9, ""percentage"": 100}, {""card_name"": ""Seat of the Synod"", ""avg_count"": 4.0, ""percentage"": 100}, {""card_name"": ""Urza's Saga"", ""avg_count"": 4.0, ""percentage"": 100}, {""card_name"": ""Island"", ""avg_count"": 1.0, ""percentage"": 97}]","[{""card_name"": ""Tormod's Crypt"", ""avg_count"": 2.2, ""percentage"": 100}, {""card_name"": ""Disruptor Flute"", ""avg_count"": 3.0, ""percentage"": 97}, {""card_name"": ""Force of Negation"", ""avg_count"": 2.0, ""percentage"": 97}, {""card_name"": ""Dismember"", ""avg_count"": 2.0, ""percentage"": 90}, {""card_name"": ""Haywire Mite"", ""avg_count"": 1.0, ""percentage"": 71}, {""card_name"": ""Consign to Memory"", ""avg_count"": 2.6, ""percentage"": 52}, {""card_name"": ""Aether Spellbomb"", ""avg_count"": 1.0, ""percentage"": 48}, {""card_name"": ""Harbinger of the Seas"", ""avg_count"": 1.9, ""percentage"": 48}]"
2026-04-14,Omni Tell,legacy,Omni Tell,,https://www.mtggoldfish.com/archetype/legacy-omni-tell,"[{""card_name"": ""Atraxa, Grand Unifier"", ""avg_count"": 2.4, ""percentage"": 95}, {""card_name"": ""Emrakul, the Aeons Torn"", ""avg_count"": 1.6, ""percentage"": 95}, {""card_name"": ""Brainstorm"", ""avg_count"": 4.0, ""percentage"": 100}, {""card_name"": ""Ponder"", ""avg_count"": 4.0, ""percentage"": 100}, {""card_name"": ""Show and Tell"", ""avg_count"": 4.0, ""percentage"": 100}, {""card_name"": ""Stock Up"", ""avg_count"": 4.0, ""percentage"": 100}, {""card_name"": ""Force of Will"", ""avg_count"": 4.0, ""percentage"": 100}, {""card_name"": ""Lorien Revealed"", ""avg_count"": 1.6, ""percentage"": 92}, {""card_name"": ""Sink into Stupor"", ""avg_count"": 1.0, ""percentage"": 68}, {""card_name"": ""Cunning Wish"", ""avg_count"": 2.7, ""percentage"": 47}, {""card_name"": ""Spell Pierce"", ""avg_count"": 1.6, ""percentage"": 42}, {""card_name"": ""Veil of Summer"", ""avg_count"": 2.9, ""percentage"": 42}, {""card_name"": ""Daze"", ""avg_count"": 2.5, ""percentage"": 42}, {""card_name"": ""Lotus Petal"", ""avg_count"": 2.8, ""percentage"": 76}, {""card_name"": ""The One Ring"", ""avg_count"": 3.9, ""percentage"": 37}, {""card_name"": ""Omniscience"", ""avg_count"": 3.8, ""percentage"": 100}, {""card_name"": ""Ancient Tomb"", ""avg_count"": 3.9, ""percentage"": 100}, {""card_name"": ""Island"", ""avg_count"": 2.8, ""percentage"": 100}, {""card_name"": ""Misty Rainforest"", ""avg_count"": 3.2, ""percentage"": 82}, {""card_name"": ""Flooded Strand"", ""avg_count"": 1.5, ""percentage"": 76}, {""card_name"": ""Polluted Delta"", ""avg_count"": 2.1, ""percentage"": 76}, {""card_name"": ""Hedge Maze"", ""avg_count"": 1.0, ""percentage"": 66}, {""card_name"": ""Tropical Island"", ""avg_count"": 2.0, ""percentage"": 66}, {""card_name"": ""Mistrise Village"", ""avg_count"": 1.0, ""percentage"": 61}, {""card_name"": ""Forest"", ""avg_count"": 1.0, ""percentage"": 55}]","[{""card_name"": ""Consign to Memory"", ""avg_count"": 2.3, ""percentage"": 97}, {""card_name"": ""Surgical Extraction"", ""avg_count"": 1.4, ""percentage"": 76}, {""card_name"": ""Force of Negation"", ""avg_count"": 2.0, ""percentage"": 71}, {""card_name"": ""Carpet of Flowers"", ""avg_count"": 3.0, ""percentage"": 66}, {""card_name"": ""Veil of Summer"", ""avg_count"": 2.0, ""percentage"": 53}, {""card_name"": ""Sublime Epiphany"", ""avg_count"": 1.0, ""percentage"": 37}, {""card_name"": ""Shared Summons"", ""avg_count"": 1.0, ""percentage"": 34}]"
2026-04-14,Aluren,legacy,Aluren,,https://www.mtggoldfish.com/archetype/legacy-aluren,"[{""card_name"": ""Acererak the Archlich"", ""avg_count"": 3.1, ""percentage"": 100}, {""card_name"": ""Atraxa, Grand Unifier"", ""avg_count"": 3.3, ""percentage"": 94}, {""card_name"": ""Formidable Speaker"", ""avg_count"": 3.0, ""percentage"": 48}, {""card_name"": ""Brainstorm"", ""avg_count"": 4.0, ""percentage"": 100}, {""card_name"": ""Ponder"", ""avg_count"": 4.0, ""percentage"": 100}, {""card_name"": ""Force of Will"", ""avg_count"": 3.9, ""percentage"": 100}, {""card_name"": ""Veil of Summer"", ""avg_count"": 2.0, ""percentage"": 94}, {""card_name"": ""Show and Tell"", ""avg_count"": 4.0, ""percentage"": 94}, {""card_name"": ""Stock Up"", ""avg_count"": 4.0, ""percentage"": 94}, {""card_name"": ""Lotus Petal"", ""avg_count"": 3.5, ""percentage"": 94}, {""card_name"": ""Aluren"", ""avg_count"": 4.0, ""percentage"": 100}, {""card_name"": ""Omniscience"", ""avg_count"": 2.5, ""percentage"": 94}, {""card_name"": ""Island"", ""avg_count"": 1.4, ""percentage"": 100}, {""card_name"": ""Tropical Island"", ""avg_count"": 2.6, ""percentage"": 100}, {""card_name"": ""Misty Rainforest"", ""avg_count"": 3.7, ""percentage"": 97}, {""card_name"": ""Ancient Tomb"", ""avg_count"": 3.9, ""percentage"": 94}, {""card_name"": ""Forest"", ""avg_count"": 1.1, ""percentage"": 94}, {""card_name"": ""Hedge Maze"", ""avg_count"": 1.8, ""percentage"": 94}, {""card_name"": ""Boseiju, Who Endures"", ""avg_count"": 1.0, ""percentage"": 91}, {""card_name"": ""Polluted Delta"", ""avg_count"": 1.2, ""percentage"": 91}, {""card_name"": ""City of Traitors"", ""avg_count"": 1.1, ""percentage"": 88}, {""card_name"": ""Flooded Strand"", ""avg_count"": 1.4, ""percentage"": 88}, {""card_name"": ""Scalding Tarn"", ""avg_count"": 1.0, ""percentage"": 79}]","[{""card_name"": ""Carpet of Flowers"", ""avg_count"": 2.7, ""percentage"": 100}, {""card_name"": ""Consign to Memory"", ""avg_count"": 2.0, ""percentage"": 100}, {""card_name"": ""Hydroblast"", ""avg_count"": 1.5, ""percentage"": 91}, {""card_name"": ""Veil of Summer"", ""avg_count"": 1.9, ""percentage"": 91}, {""card_name"": ""Force of Negation"", ""avg_count"": 1.3, ""percentage"": 91}, {""card_name"": ""Force of Vigor"", ""avg_count"": 1.7, ""percentage"": 91}, {""card_name"": ""Grafdigger's Cage"", ""avg_count"": 1.3, ""percentage"": 79}, {""card_name"": ""Pithing Needle"", ""avg_count"": 1.1, ""percentage"": 48}, {""card_name"": ""Ravenous Trap"", ""avg_count"": 1.1, ""percentage"": 48}, {""card_name"": ""Nature's Claim"", ""avg_count"": 1.1, ""percentage"": 42}]"
2026-04-14,Selesnya Depths,legacy,Selesnya Depths,,https://www.mtggoldfish.com/archetype/legacy-selesnya-depths,"[{""card_name"": ""Dryad Arbor"", ""avg_count"": 1.0, ""percentage"": 100}, {""card_name"": ""Elvish Reclaimer"", ""avg_count"": 3.9, ""percentage"": 100}, {""card_name"": ""Knight of the Reliquary"", ""avg_count"": 3.4, ""percentage"": 100}, {""card_name"": ""Badgermole Cub"", ""avg_count"": 3.5, ""percentage"": 96}, {""card_name"": ""Sylvan Safekeeper"", ""avg_count"": 1.0, ""percentage"": 92}, {""card_name"": ""Scythecat Cub"", ""avg_count"": 2.3, ""percentage"": 54}, {""card_name"": ""Icetill Explorer"", ""avg_count"": 1.0, ""percentage"": 33}, {""card_name"": ""Crop Rotation"", ""avg_count"": 4.0, ""percentage"": 100}, {""card_name"": ""Green Sun's Zenith"", ""avg_count"": 3.9, ""percentage"": 100}, {""card_name"": ""Swords to Plowshares"", ""avg_count"": 4.0, ""percentage"": 100}, {""card_name"": ""Once Upon a Time"", ""avg_count"": 3.2, ""percentage"": 46}, {""card_name"": ""Mox Diamond"", ""avg_count"": 3.2, ""percentage"": 100}, {""card_name"": ""Sylvan Library"", ""avg_count"": 2.1, ""percentage"": 38}, {""card_name"": ""Bojuka Bog"", ""avg_count"": 1.0, ""percentage"": 100}, {""card_name"": ""Dark Depths"", ""avg_count"": 1.7, ""percentage"": 100}, {""card_name"": ""Echoing Deeps"", ""avg_count"": 1.0, ""percentage"": 100}, {""card_name"": ""Flagstones of Trokair"", ""avg_count"": 1.6, ""percentage"": 100}, {""card_name"": ""Forest"", ""avg_count"": 1.0, ""percentage"": 100}, {""card_name"": ""Karakas"", ""avg_count"": 1.0, ""percentage"": 100}, {""card_name"": ""Plains"", ""avg_count"": 1.0, ""percentage"": 100}, {""card_name"": ""Savannah"", ""avg_count"": 2.2, ""percentage"": 100}, {""card_name"": ""Sejiri Steppe"", ""avg_count"": 1.0, ""percentage"": 100}, {""card_name"": ""Talon Gates of Madara"", ""avg_count"": 1.0, ""percentage"": 100}, {""card_name"": ""Thespian's Stage"", ""avg_count"": 1.9, ""percentage"": 100}, {""card_name"": ""Wasteland"", ""avg_count"": 3.4, ""percentage"": 100}, {""card_name"": ""Windswept Heath"", ""avg_count"": 4.0, ""percentage"": 100}, {""card_name"": ""Yavimaya, Cradle of Growth"", ""avg_count"": 2.0, ""percentage"": 100}, {""card_name"": ""Boseiju, Who Endures"", ""avg_count"": 1.0, ""percentage"": 83}, {""card_name"": ""Lush Portico"", ""avg_count"": 1.0, ""percentage"": 50}]","[{""card_name"": ""Collector Ouphe"", ""avg_count"": 1.0, ""percentage"": 100}, {""card_name"": ""Disruptor Flute"", ""avg_count"": 2.6, ""percentage"": 100}, {""card_name"": ""Force of Vigor"", ""avg_count"": 2.4, ""percentage"": 100}, {""card_name"": ""Endurance"", ""avg_count"": 2.2, ""percentage"": 88}, {""card_name"": ""Prismatic Ending"", ""avg_count"": 1.4, ""percentage"": 67}, {""card_name"": ""Gaddock Teeg"", ""avg_count"": 1.0, ""percentage"": 67}, {""card_name"": ""Doorkeeper Thrull"", ""avg_count"": 1.9, ""percentage"": 62}, {""card_name"": ""The Tabernacle at Pendrell Vale"", ""avg_count"": 1.0, ""percentage"": 46}, {""card_name"": ""Legolas's Quick Reflexes"", ""avg_count"": 1.0, ""percentage"": 42}, {""card_name"": ""Deafening Silence"", ""avg_count"": 2.2, ""percentage"": 38}, {""card_name"": ""Choke"", ""avg_count"": 1.8, ""percentage"": 33}]"
2026-04-14,Mono Black Midrange,legacy,Mono Black Midrange,,https://www.mtggoldfish.com/archetype/legacy-mono-black-midrange,"[{""card_name"": ""Nethergoyf"", ""avg_count"": 4.0, ""percentage"": 100}, {""card_name"": ""Dauthi Voidwalker"", ""avg_count"": 4.0, ""percentage"": 100}, {""card_name"": ""Orcish Bowmasters"", ""avg_count"": 3.8, ""percentage"": 100}, {""card_name"": ""Barrowgoyf"", ""avg_count"": 3.5, ""percentage"": 100}, {""card_name"": ""Moonshadow"", ""avg_count"": 4.0, ""percentage"": 94}, {""card_name"": ""Street Wraith"", ""avg_count"": 4.0, ""percentage"": 67}, {""card_name"": ""Dark Ritual"", ""avg_count"": 3.9, ""percentage"": 100}, {""card_name"": ""Fatal Push"", ""avg_count"": 3.8, ""percentage"": 100}, {""card_name"": ""Thoughtseize"", ""avg_count"": 4.0, ""percentage"": 100}, {""card_name"": ""Sheoldred's Edict"", ""avg_count"": 1.9, ""percentage"": 83}, {""card_name"": ""Mishra's Bauble"", ""avg_count"": 4.0, ""percentage"": 94}, {""card_name"": ""Bloodstained Mire"", ""avg_count"": 2.6, ""percentage"": 100}, {""card_name"": ""Swamp"", ""avg_count"": 4.9, ""percentage"": 100}, {""card_name"": ""Wasteland"", ""avg_count"": 3.9, ""percentage"": 100}, {""card_name"": ""Marsh Flats"", ""avg_count"": 2.2, ""percentage"": 72}, {""card_name"": ""Verdant Catacombs"", ""avg_count"": 3.3, ""percentage"": 67}, {""card_name"": ""Polluted Delta"", ""avg_count"": 3.6, ""percentage"": 50}, {""card_name"": ""Undercity Sewers"", ""avg_count"": 1.0, ""percentage"": 50}]","[{""card_name"": ""Disruptor Flute"", ""avg_count"": 1.9, ""percentage"": 100}, {""card_name"": ""Mai, Scornful Striker"", ""avg_count"": 1.9, ""percentage"": 94}, {""card_name"": ""Null Rod"", ""avg_count"": 2.0, ""percentage"": 83}, {""card_name"": ""Leyline of the Void"", ""avg_count"": 4.0, ""percentage"": 83}, {""card_name"": ""Damping Sphere"", ""avg_count"": 1.5, ""percentage"": 78}, {""card_name"": ""Opposition Agent"", ""avg_count"": 2.5, ""percentage"": 72}, {""card_name"": ""Massacre"", ""avg_count"": 1.6, ""percentage"": 61}]"
2026-04-14,Coveted Jewel Combo 1839fee0 2b45 47be 902f 796c92e81fee,legacy,Coveted Jewel Combo 1839fee0 2b45 47be 902f 796c92e81fee,,https://www.mtggoldfish.com/archetype/legacy-coveted-jewel-combo-1839fee0-2b45-47be-902f-796c92e81fee,"[{""card_name"": ""Phyrexian Metamorph"", ""avg_count"": 3.8, ""percentage"": 85}, {""card_name"": ""Emrakul, the Aeons Torn"", ""avg_count"": 1.0, ""percentage"": 85}, {""card_name"": ""Transmute Artifact"", ""avg_count"": 4.0, ""percentage"": 85}, {""card_name"": ""Stock Up"", ""avg_count"": 3.7, ""percentage"": 85}, {""card_name"": ""Show and Tell"", ""avg_count"": 3.2, ""percentage"": 80}, {""card_name"": ""Sink into Stupor"", ""avg_count"": 2.0, ""percentage"": 80}, {""card_name"": ""Force of Will"", ""avg_count"": 4.0, ""percentage"": 80}, {""card_name"": ""Preordain"", ""avg_count"": 3.5, ""percentage"": 50}, {""card_name"": ""Grim Monolith"", ""avg_count"": 3.9, ""percentage"": 100}, {""card_name"": ""Coveted Jewel"", ""avg_count"": 3.5, ""percentage"": 100}, {""card_name"": ""The One Ring"", ""avg_count"": 4.0, ""percentage"": 85}, {""card_name"": ""Paradox Engine"", ""avg_count"": 1.0, ""percentage"": 85}, {""card_name"": ""Chrome Mox"", ""avg_count"": 2.7, ""percentage"": 45}, {""card_name"": ""Copy Artifact"", ""avg_count"": 4.0, ""percentage"": 80}, {""card_name"": ""Ancient Tomb"", ""avg_count"": 4.0, ""percentage"": 100}, {""card_name"": ""City of Traitors"", ""avg_count"": 3.5, ""percentage"": 95}, {""card_name"": ""Island"", ""avg_count"": 4.6, ""percentage"": 80}, {""card_name"": ""Otawara, Soaring City"", ""avg_count"": 1.0, ""percentage"": 70}]","[{""card_name"": ""Lodestone Golem"", ""avg_count"": 2.9, ""percentage"": 75}, {""card_name"": ""Force of Negation"", ""avg_count"": 2.6, ""percentage"": 65}, {""card_name"": ""Chaos Defiler"", ""avg_count"": 1.0, ""percentage"": 55}, {""card_name"": ""Chain of Vapor"", ""avg_count"": 2.2, ""percentage"": 50}, {""card_name"": ""Defense Grid"", ""avg_count"": 3.8, ""percentage"": 50}, {""card_name"": ""Disruptor Flute"", ""avg_count"": 1.4, ""percentage"": 50}, {""card_name"": ""Dismember"", ""avg_count"": 1.4, ""percentage"": 45}, {""card_name"": ""Leyline of the Void"", ""avg_count"": 3.6, ""percentage"": 35}]"
2026-04-14,Boros Initiative,legacy,Boros Initiative,,https://www.mtggoldfish.com/archetype/legacy-boros-initiative,"[{""card_name"": ""Broadside Bombardiers"", ""avg_count"": 3.6, ""percentage"": 100}, {""card_name"": ""Magus of the Moon"", ""avg_count"": 3.4, ""percentage"": 100}, {""card_name"": ""Simian Spirit Guide"", ""avg_count"": 4.0, ""percentage"": 100}, {""card_name"": ""Caves of Chaos Adventurer"", ""avg_count"": 3.9, ""percentage"": 100}, {""card_name"": ""Seasoned Dungeoneer"", ""avg_count"": 4.0, ""percentage"": 100}, {""card_name"": ""Anointed Peacekeeper"", ""avg_count"": 3.8, ""percentage"": 81}, {""card_name"": ""Chancellor of the Annex"", ""avg_count"": 3.8, ""percentage"": 69}, {""card_name"": ""Chrome Mox"", ""avg_count"": 4.0, ""percentage"": 100}, {""card_name"": ""Lotus Petal"", ""avg_count"": 4.0, ""percentage"": 100}, {""card_name"": ""Trinisphere"", ""avg_count"": 4.0, ""percentage"": 81}, {""card_name"": ""Ancient Tomb"", ""avg_count"": 4.0, ""percentage"": 100}, {""card_name"": ""City of Traitors"", ""avg_count"": 3.9, ""percentage"": 100}, {""card_name"": ""Mountain"", ""avg_count"": 1.7, ""percentage"": 100}, {""card_name"": ""Plains"", ""avg_count"": 1.2, ""percentage"": 100}, {""card_name"": ""Cavern of Souls"", ""avg_count"": 4.0, ""percentage"": 94}, {""card_name"": ""Karakas"", ""avg_count"": 1.1, ""percentage"": 81}, {""card_name"": ""Plateau"", ""avg_count"": 1.9, ""percentage"": 81}]","[{""card_name"": ""Leyline of the Void"", ""avg_count"": 4.0, ""percentage"": 100}, {""card_name"": ""Fury"", ""avg_count"": 3.8, ""percentage"": 100}, {""card_name"": ""Disruptor Flute"", ""avg_count"": 3.6, ""percentage"": 81}, {""card_name"": ""Pyroblast"", ""avg_count"": 2.4, ""percentage"": 56}, {""card_name"": ""Clarion Conqueror"", ""avg_count"": 3.3, ""percentage"": 38}]"
2026-04-14,Blue Artifacts,legacy,Blue Artifacts,,https://www.mtggoldfish.com/archetype/legacy-blue-artifacts,"[{""card_name"": ""Emry, Lurker of the Loch"", ""avg_count"": 4.0, ""percentage"": 100}, {""card_name"": ""Goblin Welder"", ""avg_count"": 4.0, ""percentage"": 95}, {""card_name"": ""Goblin Engineer"", ""avg_count"": 3.1, ""percentage"": 90}, {""card_name"": ""Kappa Cannoneer"", ""avg_count"": 2.8, ""percentage"": 55}, {""card_name"": ""Pinnacle Emissary"", ""avg_count"": 4.0, ""percentage"": 50}, {""card_name"": ""Phyrexian Dragon Engine"", ""avg_count"": 1.0, ""percentage"": 45}, {""card_name"": ""Lotus Petal"", ""avg_count"": 4.0, ""percentage"": 100}, {""card_name"": ""Mishra's Bauble"", ""avg_count"": 3.9, ""percentage"": 100}, {""card_name"": ""Mox Opal"", ""avg_count"": 3.9, ""percentage"": 100}, {""card_name"": ""Skateboard"", ""avg_count"": 1.0, ""percentage"": 100}, {""card_name"": ""Urza's Bauble"", ""avg_count"": 3.6, ""percentage"": 95}, {""card_name"": ""Sewer-veillance Cam"", ""avg_count"": 4.0, ""percentage"": 95}, {""card_name"": ""Agatha's Soul Cauldron"", ""avg_count"": 1.3, ""percentage"": 95}, {""card_name"": ""Legion Extruder"", ""avg_count"": 1.0, ""percentage"": 95}, {""card_name"": ""Cori-Steel Cutter"", ""avg_count"": 3.9, ""percentage"": 50}, {""card_name"": ""Chromatic Star"", ""avg_count"": 1.0, ""percentage"": 45}, {""card_name"": ""Melded Moxite"", ""avg_count"": 2.7, ""percentage"": 45}, {""card_name"": ""Urza's Saga"", ""avg_count"": 4.0, ""percentage"": 100}, {""card_name"": ""Great Furnace"", ""avg_count"": 2.5, ""percentage"": 95}, {""card_name"": ""Scalding Tarn"", ""avg_count"": 2.1, ""percentage"": 95}, {""card_name"": ""Volcanic Island"", ""avg_count"": 3.4, ""percentage"": 95}, {""card_name"": ""Thundering Falls"", ""avg_count"": 1.0, ""percentage"": 90}, {""card_name"": ""Bloodstained Mire"", ""avg_count"": 1.0, ""percentage"": 60}, {""card_name"": ""Snow-Covered Mountain"", ""avg_count"": 1.0, ""percentage"": 55}, {""card_name"": ""Seat of the Synod"", ""avg_count"": 2.0, ""percentage"": 45}, {""card_name"": ""Taiga"", ""avg_count"": 1.0, ""percentage"": 35}, {""card_name"": ""Wooded Foothills"", ""avg_count"": 1.4, ""percentage"": 35}]","[{""card_name"": ""Haywire Mite"", ""avg_count"": 1.0, ""percentage"": 95}, {""card_name"": ""Pithing Needle"", ""avg_count"": 1.0, ""percentage"": 90}, {""card_name"": ""Tormod's Crypt"", ""avg_count"": 1.0, ""percentage"": 70}, {""card_name"": ""Into the Flood Maw"", ""avg_count"": 1.7, ""percentage"": 70}, {""card_name"": ""Abrade"", ""avg_count"": 1.9, ""percentage"": 55}, {""card_name"": ""Mindbreak Trap"", ""avg_count"": 2.6, ""percentage"": 45}, {""card_name"": ""Consign to Memory"", ""avg_count"": 2.5, ""percentage"": 40}, {""card_name"": ""Ensnaring Bridge"", ""avg_count"": 1.0, ""percentage"": 40}, {""card_name"": ""Aether Spellbomb"", ""avg_count"": 1.0, ""percentage"": 35}, {""card_name"": ""Lightning Bolt"", ""avg_count"": 1.3, ""percentage"": 35}, {""card_name"": ""Pyroblast"", ""avg_count"": 2.0, ""percentage"": 35}, {""card_name"": ""Swan Song"", ""avg_count"": 2.0, ""percentage"": 35}, {""card_name"": ""Disruptor Flute"", ""avg_count"": 1.0, ""percentage"": 35}, {""card_name"": ""Blood Moon"", ""avg_count"": 1.6, ""percentage"": 35}]"
2026-04-14,Jeskai Control 28399e5a 902c 4043 B288 C852671a4c2b,legacy,Jeskai Control 28399e5a 902c 4043 B288 C852671a4c2b,,https://www.mtggoldfish.com/archetype/legacy-jeskai-control-28399e5a-902c-4043-b288-c852671a4c2b,"[{""card_name"": ""Tamiyo, Inquisitive Student"", ""avg_count"": 4.0, ""percentage"": 100}, {""card_name"": ""Snapcaster Mage"", ""avg_count"": 1.0, ""percentage"": 100}, {""card_name"": ""Thundertrap Trainer"", ""avg_count"": 4.0, ""percentage"": 100}, {""card_name"": ""Murktide Regent"", ""avg_count"": 2.9, ""percentage"": 100}, {""card_name"": ""Loch Mare"", ""avg_count"": 1.1, ""percentage"": 73}, {""card_name"": ""Brainstorm"", ""avg_count"": 4.0, ""percentage"": 100}, {""card_name"": ""Prismatic Ending"", ""avg_count"": 2.0, ""percentage"": 100}, {""card_name"": ""Swords to Plowshares"", ""avg_count"": 4.0, ""percentage"": 100}, {""card_name"": ""Flame of Anor"", ""avg_count"": 4.0, ""percentage"": 100}, {""card_name"": ""Force of Negation"", ""avg_count"": 1.9, ""percentage"": 100}, {""card_name"": ""Force of Will"", ""avg_count"": 4.0, ""percentage"": 100}, {""card_name"": ""Ponder"", ""avg_count"": 4.0, ""percentage"": 91}, {""card_name"": ""Lorien Revealed"", ""avg_count"": 1.0, ""percentage"": 82}, {""card_name"": ""Stern Scolding"", ""avg_count"": 1.0, ""percentage"": 45}, {""card_name"": ""Spell Pierce"", ""avg_count"": 1.0, ""percentage"": 36}, {""card_name"": ""Dress Down"", ""avg_count"": 2.4, ""percentage"": 100}, {""card_name"": ""Flooded Strand"", ""avg_count"": 3.9, ""percentage"": 100}, {""card_name"": ""Island"", ""avg_count"": 4.9, ""percentage"": 100}, {""card_name"": ""Mountain"", ""avg_count"": 1.0, ""percentage"": 100}, {""card_name"": ""Plains"", ""avg_count"": 1.2, ""percentage"": 100}, {""card_name"": ""Prismatic Vista"", ""avg_count"": 3.9, ""percentage"": 100}, {""card_name"": ""Scalding Tarn"", ""avg_count"": 2.1, ""percentage"": 100}, {""card_name"": ""Tundra"", ""avg_count"": 1.0, ""percentage"": 100}, {""card_name"": ""Volcanic Island"", ""avg_count"": 1.0, ""percentage"": 100}]","[{""card_name"": ""Consign to Memory"", ""avg_count"": 2.7, ""percentage"": 100}, {""card_name"": ""Red Elemental Blast"", ""avg_count"": 1.5, ""percentage"": 100}, {""card_name"": ""Hydroblast"", ""avg_count"": 1.0, ""percentage"": 91}, {""card_name"": ""Pyroblast"", ""avg_count"": 2.0, ""percentage"": 91}, {""card_name"": ""Deafening Silence"", ""avg_count"": 1.9, ""percentage"": 82}, {""card_name"": ""Fire Magic"", ""avg_count"": 2.0, ""percentage"": 82}, {""card_name"": ""Grafdigger's Cage"", ""avg_count"": 1.0, ""percentage"": 82}, {""card_name"": ""Containment Priest"", ""avg_count"": 2.0, ""percentage"": 82}, {""card_name"": ""Ruination"", ""avg_count"": 1.0, ""percentage"": 73}]"
2026-04-14,Naya Initiative,legacy,Naya Initiative,,https://www.mtggoldfish.com/archetype/legacy-naya-initiative,"[{""card_name"": ""Anointed Peacekeeper"", ""avg_count"": 4.0, ""percentage"": 100}, {""card_name"": ""Elvish Spirit Guide"", ""avg_count"": 2.8, ""percentage"": 100}, {""card_name"": ""Simian Spirit Guide"", ""avg_count"": 3.3, ""percentage"": 100}, {""card_name"": ""Caves of Chaos Adventurer"", ""avg_count"": 4.0, ""percentage"": 100}, {""card_name"": ""Seasoned Dungeoneer"", ""avg_count"": 4.0, ""percentage"": 100}, {""card_name"": ""Summon: Yojimbo"", ""avg_count"": 2.1, ""percentage"": 100}, {""card_name"": ""Undermountain Adventurer"", ""avg_count"": 4.0, ""percentage"": 100}, {""card_name"": ""Solitude"", ""avg_count"": 4.0, ""percentage"": 100}, {""card_name"": ""Chancellor of the Annex"", ""avg_count"": 4.0, ""percentage"": 100}, {""card_name"": ""Broadside Bombardiers"", ""avg_count"": 1.0, ""percentage"": 94}, {""card_name"": ""Witch Enchanter"", ""avg_count"": 1.0, ""percentage"": 50}, {""card_name"": ""Once Upon a Time"", ""avg_count"": 3.3, ""percentage"": 100}, {""card_name"": ""Chrome Mox"", ""avg_count"": 4.0, ""percentage"": 100}, {""card_name"": ""Lotus Petal"", ""avg_count"": 4.0, ""percentage"": 100}, {""card_name"": ""Ancient Tomb"", ""avg_count"": 4.0, ""percentage"": 100}, {""card_name"": ""Cavern of Souls"", ""avg_count"": 4.0, ""percentage"": 100}, {""card_name"": ""City of Traitors"", ""avg_count"": 4.0, ""percentage"": 100}, {""card_name"": ""Forest"", ""avg_count"": 1.0, ""percentage"": 100}, {""card_name"": ""Mountain"", ""avg_count"": 1.0, ""percentage"": 100}, {""card_name"": ""Plains"", ""avg_count"": 1.0, ""percentage"": 100}]","[{""card_name"": ""Disruptor Flute"", ""avg_count"": 3.8, ""percentage"": 100}, {""card_name"": ""Clarion Conqueror"", ""avg_count"": 3.2, ""percentage"": 100}, {""card_name"": ""Leyline of the Void"", ""avg_count"": 4.0, ""percentage"": 100}, {""card_name"": ""Summon: Yojimbo"", ""avg_count"": 1.8, ""percentage"": 88}, {""card_name"": ""Broadside Bombardiers"", ""avg_count"": 1.0, ""percentage"": 62}, {""card_name"": ""Endurance"", ""avg_count"": 4.0, ""percentage"": 38}]"
2026-04-14,Jeskai Control,legacy,Jeskai Control,,https://www.mtggoldfish.com/archetype/legacy-jeskai-control,"[{""card_name"": ""Tamiyo, Inquisitive Student"", ""avg_count"": 3.2, ""percentage"": 100}, {""card_name"": ""Snapcaster Mage"", ""avg_count"": 1.8, ""percentage"": 85}, {""card_name"": ""Magus of the Moon"", ""avg_count"": 1.0, ""percentage"": 38}, {""card_name"": ""Teferi, Time Raveler"", ""avg_count"": 1.6, ""percentage"": 69}, {""card_name"": ""Narset, Parter of Veils"", ""avg_count"": 3.4, ""percentage"": 38}, {""card_name"": ""Brainstorm"", ""avg_count"": 4.0, ""percentage"": 100}, {""card_name"": ""Ponder"", ""avg_count"": 3.8, ""percentage"": 100}, {""card_name"": ""Prismatic Ending"", ""avg_count"": 2.2, ""percentage"": 100}, {""card_name"": ""Swords to Plowshares"", ""avg_count"": 4.0, ""percentage"": 100}, {""card_name"": ""Forth Eorlingas!"", ""avg_count"": 1.4, ""percentage"": 100}, {""card_name"": ""Force of Will"", ""avg_count"": 4.0, ""percentage"": 100}, {""card_name"": ""Force of Negation"", ""avg_count"": 1.5, ""percentage"": 85}, {""card_name"": ""Spell Pierce"", ""avg_count"": 1.5, ""percentage"": 62}, {""card_name"": ""Flame of Anor"", ""avg_count"": 3.9, ""percentage"": 54}, {""card_name"": ""Lorien Revealed"", ""avg_count"": 1.0, ""percentage"": 46}, {""card_name"": ""Back to Basics"", ""avg_count"": 1.2, ""percentage"": 46}, {""card_name"": ""Flooded Strand"", ""avg_count"": 3.9, ""percentage"": 100}, {""card_name"": ""Island"", ""avg_count"": 3.3, ""percentage"": 100}, {""card_name"": ""Plains"", ""avg_count"": 1.7, ""percentage"": 100}, {""card_name"": ""Tundra"", ""avg_count"": 1.6, ""percentage"": 100}, {""card_name"": ""Volcanic Island"", ""avg_count"": 1.4, ""percentage"": 100}, {""card_name"": ""Mountain"", ""avg_count"": 1.0, ""percentage"": 92}, {""card_name"": ""Scalding Tarn"", ""avg_count"": 2.7, ""percentage"": 92}, {""card_name"": ""Meticulous Archive"", ""avg_count"": 1.0, ""percentage"": 69}, {""card_name"": ""Prismatic Vista"", ""avg_count"": 3.6, ""percentage"": 69}, {""card_name"": ""Karakas"", ""avg_count"": 1.0, ""percentage"": 46}, {""card_name"": ""Plateau"", ""avg_count"": 1.0, ""percentage"": 46}]","[{""card_name"": ""Consign to Memory"", ""avg_count"": 2.4, ""percentage"": 100}, {""card_name"": ""Pyroblast"", ""avg_count"": 2.3, ""percentage"": 92}, {""card_name"": ""Hydroblast"", ""avg_count"": 1.7, ""percentage"": 85}, {""card_name"": ""Surgical Extraction"", ""avg_count"": 1.5, ""percentage"": 85}, {""card_name"": ""Containment Priest"", ""avg_count"": 1.4, ""percentage"": 85}, {""card_name"": ""Wrath of the Skies"", ""avg_count"": 1.9, ""percentage"": 77}, {""card_name"": ""Grafdigger's Cage"", ""avg_count"": 1.1, ""percentage"": 54}, {""card_name"": ""Ruination"", ""avg_count"": 1.0, ""percentage"": 54}, {""card_name"": ""Red Elemental Blast"", ""avg_count"": 1.4, ""percentage"": 38}, {""card_name"": ""Lavinia, Azorius Renegade"", ""avg_count"": 1.2, ""percentage"": 38}]"
2026-04-14,8 Cast,legacy,8 Cast,,https://www.mtggoldfish.com/archetype/legacy-8-cast,"[{""card_name"": ""Emry, Lurker of the Loch"", ""avg_count"": 3.9, ""percentage"": 100}, {""card_name"": ""Kappa Cannoneer"", ""avg_count"": 2.4, ""percentage"": 100}, {""card_name"": ""Thought Monitor"", ""avg_count"": 3.0, ""percentage"": 100}, {""card_name"": ""Pinnacle Emissary"", ""avg_count"": 4.0, ""percentage"": 93}, {""card_name"": ""Krang, Master Mind"", ""avg_count"": 1.4, ""percentage"": 67}, {""card_name"": ""Patchwork Automaton"", ""avg_count"": 4.0, ""percentage"": 40}, {""card_name"": ""Force of Will"", ""avg_count"": 4.0, ""percentage"": 100}, {""card_name"": ""Thoughtcast"", ""avg_count"": 4.0, ""percentage"": 100}, {""card_name"": ""Sink into Stupor"", ""avg_count"": 1.4, ""percentage"": 93}, {""card_name"": ""Lotus Petal"", ""avg_count"": 4.0, ""percentage"": 100}, {""card_name"": ""Mishra's Bauble"", ""avg_count"": 4.0, ""percentage"": 100}, {""card_name"": ""Mox Opal"", ""avg_count"": 4.0, ""percentage"": 100}, {""card_name"": ""Shadowspear"", ""avg_count"": 1.0, ""percentage"": 100}, {""card_name"": ""Skateboard"", ""avg_count"": 1.0, ""percentage"": 67}, {""card_name"": ""Urza's Bauble"", ""avg_count"": 4.0, ""percentage"": 60}, {""card_name"": ""Chalice of the Void"", ""avg_count"": 3.7, ""percentage"": 47}, {""card_name"": ""Clown Car"", ""avg_count"": 3.0, ""percentage"": 40}, {""card_name"": ""Tormod's Crypt"", ""avg_count"": 1.3, ""percentage"": 40}, {""card_name"": ""Lavaspur Boots"", ""avg_count"": 1.0, ""percentage"": 33}, {""card_name"": ""Ancient Tomb"", ""avg_count"": 4.0, ""percentage"": 100}, {""card_name"": ""Seat of the Synod"", ""avg_count"": 4.0, ""percentage"": 100}, {""card_name"": ""Urza's Saga"", ""avg_count"": 4.0, ""percentage"": 100}, {""card_name"": ""Island"", ""avg_count"": 2.0, ""percentage"": 87}, {""card_name"": ""Otawara, Soaring City"", ""avg_count"": 1.1, ""percentage"": 87}]","[{""card_name"": ""Dismember"", ""avg_count"": 2.1, ""percentage"": 100}, {""card_name"": ""Tormod's Crypt"", ""avg_count"": 2.2, ""percentage"": 93}, {""card_name"": ""Aether Spellbomb"", ""avg_count"": 1.0, ""percentage"": 93}, {""card_name"": ""Haywire Mite"", ""avg_count"": 1.0, ""percentage"": 93}, {""card_name"": ""Pithing Needle"", ""avg_count"": 1.0, ""percentage"": 87}, {""card_name"": ""Disruptor Flute"", ""avg_count"": 2.3, ""percentage"": 80}, {""card_name"": ""Metallic Rebuke"", ""avg_count"": 1.9, ""percentage"": 67}, {""card_name"": ""Consign to Memory"", ""avg_count"": 2.0, ""percentage"": 53}, {""card_name"": ""Flusterstorm"", ""avg_count"": 1.0, ""percentage"": 47}, {""card_name"": ""Harbinger of the Seas"", ""avg_count"": 2.1, ""percentage"": 47}, {""card_name"": ""Engineered Explosives"", ""avg_count"": 1.0, ""percentage"": 40}, {""card_name"": ""Grafdigger's Cage"", ""avg_count"": 1.0, ""percentage"": 40}, {""card_name"": ""Brazen Borrower"", ""avg_count"": 1.0, ""percentage"": 40}]"
2026-04-14,Azorius Tempo,legacy,Azorius Tempo,,https://www.mtggoldfish.com/archetype/legacy-azorius-tempo,"[{""card_name"": ""Tamiyo, Inquisitive Student"", ""avg_count"": 4.0, ""percentage"": 100}, {""card_name"": ""Phelia, Exuberant Shepherd"", ""avg_count"": 4.0, ""percentage"": 100}, {""card_name"": ""Quantum Riddler"", ""avg_count"": 3.9, ""percentage"": 100}, {""card_name"": ""Murktide Regent"", ""avg_count"": 1.8, ""percentage"": 100}, {""card_name"": ""Teferi, Time Raveler"", ""avg_count"": 1.0, ""percentage"": 35}, {""card_name"": ""Brainstorm"", ""avg_count"": 4.0, ""percentage"": 100}, {""card_name"": ""Ponder"", ""avg_count"": 3.8, ""percentage"": 100}, {""card_name"": ""Stifle"", ""avg_count"": 3.8, ""percentage"": 100}, {""card_name"": ""Swords to Plowshares"", ""avg_count"": 4.0, ""percentage"": 100}, {""card_name"": ""Daze"", ""avg_count"": 3.2, ""percentage"": 100}, {""card_name"": ""Force of Will"", ""avg_count"": 4.0, ""percentage"": 100}, {""card_name"": ""Force of Negation"", ""avg_count"": 1.0, ""percentage"": 88}, {""card_name"": ""Prismatic Ending"", ""avg_count"": 1.6, ""percentage"": 59}, {""card_name"": ""Consign to Memory"", ""avg_count"": 1.9, ""percentage"": 47}, {""card_name"": ""Flooded Strand"", ""avg_count"": 4.0, ""percentage"": 100}, {""card_name"": ""Island"", ""avg_count"": 2.1, ""percentage"": 100}, {""card_name"": ""Plains"", ""avg_count"": 1.0, ""percentage"": 100}, {""card_name"": ""Tundra"", ""avg_count"": 3.1, ""percentage"": 100}, {""card_name"": ""Wasteland"", ""avg_count"": 4.0, ""percentage"": 100}, {""card_name"": ""Meticulous Archive"", ""avg_count"": 1.0, ""percentage"": 94}, {""card_name"": ""Karakas"", ""avg_count"": 1.0, ""percentage"": 88}, {""card_name"": ""Polluted Delta"", ""avg_count"": 1.5, ""percentage"": 88}, {""card_name"": ""Misty Rainforest"", ""avg_count"": 1.1, ""percentage"": 82}, {""card_name"": ""Scalding Tarn"", ""avg_count"": 1.5, ""percentage"": 59}, {""card_name"": ""Mystic Sanctuary"", ""avg_count"": 1.0, ""percentage"": 41}]","[{""card_name"": ""Hydroblast"", ""avg_count"": 1.9, ""percentage"": 100}, {""card_name"": ""Wrath of the Skies"", ""avg_count"": 2.1, ""percentage"": 100}, {""card_name"": ""Force of Negation"", ""avg_count"": 1.3, ""percentage"": 100}, {""card_name"": ""Celestial Purge"", ""avg_count"": 1.0, ""percentage"": 88}, {""card_name"": ""Containment Priest"", ""avg_count"": 1.5, ""percentage"": 82}, {""card_name"": ""Lavinia, Azorius Renegade"", ""avg_count"": 1.6, ""percentage"": 71}, {""card_name"": ""Rest in Peace"", ""avg_count"": 2.0, ""percentage"": 71}, {""card_name"": ""Consign to Memory"", ""avg_count"": 2.2, ""percentage"": 65}, {""card_name"": ""Prismatic Ending"", ""avg_count"": 1.7, ""percentage"": 59}, {""card_name"": ""Flusterstorm"", ""avg_count"": 1.1, ""percentage"": 41}, {""card_name"": ""Stony Silence"", ""avg_count"": 1.0, ""percentage"": 41}, {""card_name"": ""Clarion Conqueror"", ""avg_count"": 1.9, ""percentage"": 41}]"
2026-04-14,Death S Shadow,legacy,Death S Shadow,,https://www.mtggoldfish.com/archetype/legacy-death-s-shadow,"[{""card_name"": ""Death's Shadow"", ""avg_count"": 4.0, ""percentage"": 100}, {""card_name"": ""Brazen Borrower"", ""avg_count"": 1.0, ""percentage"": 100}, {""card_name"": ""Murktide Regent"", ""avg_count"": 2.2, ""percentage"": 100}, {""card_name"": ""Baleful Strix"", ""avg_count"": 3.4, ""percentage"": 70}, {""card_name"": ""Moonshadow"", ""avg_count"": 4.0, ""percentage"": 50}, {""card_name"": ""Street Wraith"", ""avg_count"": 4.0, ""percentage"": 40}, {""card_name"": ""Brainstorm"", ""avg_count"": 4.0, ""percentage"": 100}, {""card_name"": ""Ponder"", ""avg_count"": 4.0, ""percentage"": 100}, {""card_name"": ""Thoughtseize"", ""avg_count"": 4.0, ""percentage"": 100}, {""card_name"": ""Daze"", ""avg_count"": 3.8, ""percentage"": 100}, {""card_name"": ""Snuff Out"", ""avg_count"": 1.6, ""percentage"": 100}, {""card_name"": ""Force of Will"", ""avg_count"": 4.0, ""percentage"": 100}, {""card_name"": ""Reanimate"", ""avg_count"": 1.8, ""percentage"": 80}, {""card_name"": ""Dismember"", ""avg_count"": 1.0, ""percentage"": 60}, {""card_name"": ""Fatal Push"", ""avg_count"": 1.0, ""percentage"": 40}, {""card_name"": ""Hymn to Tourach"", ""avg_count"": 2.0, ""percentage"": 40}, {""card_name"": ""Dress Down"", ""avg_count"": 1.2, ""percentage"": 60}, {""card_name"": ""Wasteland"", ""avg_count"": 4.0, ""percentage"": 100}, {""card_name"": ""Watery Grave"", ""avg_count"": 3.2, ""percentage"": 100}, {""card_name"": ""Flooded Strand"", ""avg_count"": 2.9, ""percentage"": 80}, {""card_name"": ""Misty Rainforest"", ""avg_count"": 2.9, ""percentage"": 80}, {""card_name"": ""Underground Sea"", ""avg_count"": 2.0, ""percentage"": 80}, {""card_name"": ""Island"", ""avg_count"": 1.0, ""percentage"": 60}, {""card_name"": ""Polluted Delta"", ""avg_count"": 3.7, ""percentage"": 60}, {""card_name"": ""Scalding Tarn"", ""avg_count"": 2.2, ""percentage"": 50}]","[{""card_name"": ""Consign to Memory"", ""avg_count"": 3.2, ""percentage"": 100}, {""card_name"": ""Orcish Bowmasters"", ""avg_count"": 2.3, ""percentage"": 90}, {""card_name"": ""Fatal Push"", ""avg_count"": 1.8, ""percentage"": 80}, {""card_name"": ""Force of Negation"", ""avg_count"": 1.5, ""percentage"": 80}, {""card_name"": ""Engineered Explosives"", ""avg_count"": 1.3, ""percentage"": 60}, {""card_name"": ""Faerie Macabre"", ""avg_count"": 2.0, ""percentage"": 60}, {""card_name"": ""Hydroblast"", ""avg_count"": 1.4, ""percentage"": 50}, {""card_name"": ""Plague Engineer"", ""avg_count"": 1.0, ""percentage"": 50}, {""card_name"": ""Massacre"", ""avg_count"": 1.4, ""percentage"": 50}, {""card_name"": ""Mai, Scornful Striker"", ""avg_count"": 1.0, ""percentage"": 40}, {""card_name"": ""Null Rod"", ""avg_count"": 1.0, ""percentage"": 40}, {""card_name"": ""Brazen Borrower"", ""avg_count"": 1.0, ""percentage"": 40}]"
2026-04-14,Necrodominance Combo,legacy,Necrodominance Combo,,https://www.mtggoldfish.com/archetype/legacy-necrodominance-combo,"[{""card_name"": ""Elvish Spirit Guide"", ""avg_count"": 4.0, ""percentage"": 100}, {""card_name"": ""Simian Spirit Guide"", ""avg_count"": 4.0, ""percentage"": 100}, {""card_name"": ""Wild Cantor"", ""avg_count"": 1.0, ""percentage"": 92}, {""card_name"": ""Pact of Negation"", ""avg_count"": 4.0, ""percentage"": 100}, {""card_name"": ""Summoner's Pact"", ""avg_count"": 3.1, ""percentage"": 100}, {""card_name"": ""Dark Ritual"", ""avg_count"": 4.0, ""percentage"": 100}, {""card_name"": ""Borne Upon a Wind"", ""avg_count"": 3.6, ""percentage"": 100}, {""card_name"": ""Cabal Ritual"", ""avg_count"": 4.0, ""percentage"": 100}, {""card_name"": ""Manamorphose"", ""avg_count"": 4.0, ""percentage"": 100}, {""card_name"": ""Valakut Awakening"", ""avg_count"": 2.4, ""percentage"": 100}, {""card_name"": ""Beseech the Mirror"", ""avg_count"": 4.0, ""percentage"": 100}, {""card_name"": ""Tendrils of Agony"", ""avg_count"": 1.0, ""percentage"": 100}, {""card_name"": ""Gaea's Will"", ""avg_count"": 1.0, ""percentage"": 75}, {""card_name"": ""Chrome Mox"", ""avg_count"": 4.0, ""percentage"": 100}, {""card_name"": ""Lotus Petal"", ""avg_count"": 4.0, ""percentage"": 100}, {""card_name"": ""Necrodominance"", ""avg_count"": 4.0, ""percentage"": 100}, {""card_name"": ""Vault of Whispers"", ""avg_count"": 4.0, ""percentage"": 100}, {""card_name"": ""Gemstone Mine"", ""avg_count"": 3.9, ""percentage"": 92}]","[{""card_name"": ""Duress"", ""avg_count"": 3.8, ""percentage"": 83}, {""card_name"": ""Force of Vigor"", ""avg_count"": 3.8, ""percentage"": 83}, {""card_name"": ""Leyline of the Void"", ""avg_count"": 4.0, ""percentage"": 83}, {""card_name"": ""Mindbreak Trap"", ""avg_count"": 3.0, ""percentage"": 83}, {""card_name"": ""Nature's Claim"", ""avg_count"": 1.8, ""percentage"": 33}]"
